"","ID","int_rate"
"1",1,12.5583266666667
"2",2,14.924065
"3",3,7.58130833333333
"4",4,18.1026233333333
"5",5,16.3063566666667
"6",6,6.81894333333333
"7",7,13.5385533333333
"8",8,10.5538583333333
"9",9,14.4662266666667
"10",10,20.463065
"11",11,7.14257666666666
"12",12,14.72627
"13",13,13.09153
"14",14,16.0807416666667
"15",15,18.236215
"16",16,10.3414766666667
"17",17,13.0583316666667
"18",18,15.686035
"19",19,9.42664333333333
"20",20,14.86496
"21",21,10.434365
"22",22,16.72286
"23",23,9.99122333333334
"24",24,14.6235183333333
"25",25,11.1395083333333
"26",26,8.48780333333333
"27",27,19.3910833333333
"28",28,17.9842733333333
"29",29,15.2501766666667
"30",30,17.4896933333333
"31",31,9.709495
"32",32,7.94861
"33",33,10.681825
"34",34,17.70493
"35",35,14.1027433333333
"36",36,12.0840533333333
"37",37,12.4789083333333
"38",38,7.49937166666666
"39",39,9.19921666666666
"40",40,14.5159416666667
"41",41,12.20921
"42",42,16.2257233333333
"43",43,9.18939833333333
"44",44,16.192235
"45",45,12.6966166666667
"46",46,16.3357233333333
"47",47,20.6247983333333
"48",48,16.0621833333333
"49",49,7.741325
"50",50,7.58859833333334
"51",51,10.0737216666667
"52",52,17.8450866666667
"53",53,8.47337333333333
"54",54,9.03998666666666
"55",55,11.4879083333333
"56",56,14.22214
"57",57,7.52586166666667
"58",58,13.7345366666667
"59",59,11.17859
"60",60,12.657415
"61",61,18.03475
"62",62,11.8108833333333
"63",63,17.0103266666667
"64",64,15.0633183333333
"65",65,14.7268583333333
"66",66,12.244305
"67",67,7.96018833333333
"68",68,6.860315
"69",69,8.70675666666667
"70",70,15.8537466666667
"71",71,13.3042966666667
"72",72,14.6902883333333
"73",73,11.01001
"74",74,9.87081166666667
"75",75,10.63478
"76",76,13.98188
"77",77,12.346395
"78",78,9.92614499999999
"79",79,9.30897833333333
"80",80,6.98452
"81",81,11.4982566666667
"82",82,10.1147416666667
"83",83,13.1334616666667
"84",84,8.874885
"85",85,15.2831866666667
"86",86,10.31847
"87",87,7.91007666666666
"88",88,8.82010666666666
"89",89,6.84004166666667
"90",90,12.42778
"91",91,7.82627
"92",92,13.9549866666667
"93",93,10.36053
"94",94,8.29330666666667
"95",95,12.84177
"96",96,11.46545
"97",97,7.59047999999999
"98",98,15.3160666666667
"99",99,7.491515
"100",100,7.92039
"101",101,12.08316
"102",102,10.3796616666667
"103",103,9.29922666666667
"104",104,7.09746666666666
"105",105,8.58213833333333
"106",106,20.3537483333333
"107",107,11.8043866666667
"108",108,16.7021583333333
"109",109,8.79790666666667
"110",110,8.23572333333333
"111",111,10.96715
"112",112,11.50424
"113",113,14.1730483333333
"114",114,10.8904416666667
"115",115,13.4269383333333
"116",116,11.5405766666667
"117",117,13.663185
"118",118,6.85757833333333
"119",119,10.49608
"120",120,12.965365
"121",121,13.8753533333333
"122",122,11.81137
"123",123,7.46346166666666
"124",124,13.0066783333333
"125",125,13.8228666666667
"126",126,7.41632
"127",127,7.06208166666667
"128",128,13.7987083333333
"129",129,9.34939500000002
"130",130,10.1022366666667
"131",131,8.69844833333333
"132",132,15.8920216666667
"133",133,8.98954333333333
"134",134,12.19042
"135",135,8.87009833333335
"136",136,16.3738266666667
"137",137,7.28385833333333
"138",138,13.818655
"139",139,10.3535416666667
"140",140,11.65753
"141",141,20.3431933333333
"142",142,13.5437283333333
"143",143,7.95630999999999
"144",144,19.224445
"145",145,12.0975366666667
"146",146,18.4157266666667
"147",147,13.2448783333333
"148",148,8.41499166666666
"149",149,13.3374016666667
"150",150,7.63273
"151",151,14.242045
"152",152,8.28611666666666
"153",153,10.5177716666667
"154",154,7.90049166666667
"155",155,7.27027
"156",156,14.578465
"157",157,7.84741833333333
"158",158,7.46604833333334
"159",159,8.13777333333334
"160",160,10.86629
"161",161,8.25954666666667
"162",162,12.1025266666667
"163",163,16.9100433333333
"164",164,13.5773083333333
"165",165,6.85963666666667
"166",166,11.7778183333333
"167",167,7.48128
"168",168,9.31597333333333
"169",169,15.5428033333333
"170",170,7.88724166666667
"171",171,15.7473333333333
"172",172,6.83543833333333
"173",173,10.5996516666667
"174",174,9.78056
"175",175,17.2663566666667
"176",176,19.63921
"177",177,6.91979
"178",178,10.36253
"179",179,8.93228833333333
"180",180,12.64074
"181",181,17.3183183333333
"182",182,15.60779
"183",183,13.9212666666667
"184",184,9.87497166666666
"185",185,8.670105
"186",186,15.684205
"187",187,14.63094
"188",188,15.1733216666667
"189",189,9.38584
"190",190,12.766725
"191",191,9.87359666666666
"192",192,10.5287416666667
"193",193,10.00913
"194",194,7.70890666666666
"195",195,7.86355166666666
"196",196,10.9551266666667
"197",197,12.666525
"198",198,14.612005
"199",199,10.5068316666667
"200",200,10.7718666666667
"201",201,15.7123383333333
"202",202,14.89739
"203",203,11.6313433333333
"204",204,13.1586083333333
"205",205,8.16538333333334
"206",206,7.53425333333333
"207",207,11.1948366666667
"208",208,16.3405783333333
"209",209,9.17751666666666
"210",210,12.451675
"211",211,13.2772083333333
"212",212,7.23097666666666
"213",213,11.366195
"214",214,10.9705483333333
"215",215,9.44613666666667
"216",216,9.47235166666666
"217",217,7.56276166666667
"218",218,9.80407666666666
"219",219,10.62761
"220",220,11.9199766666667
"221",221,12.9798016666667
"222",222,16.4186933333333
"223",223,6.93876166666666
"224",224,9.54695666666666
"225",225,17.54395
"226",226,8.04244
"227",227,17.61174
"228",228,12.47396
"229",229,20.2842483333333
"230",230,11.936905
"231",231,9.087635
"232",232,14.8583966666667
"233",233,7.71351166666666
"234",234,13.9771166666667
"235",235,7.63328166666666
"236",236,16.42521
"237",237,11.0245816666667
"238",238,13.5752916666667
"239",239,12.104815
"240",240,6.98647166666666
"241",241,9.53941666666667
"242",242,12.7021383333333
"243",243,7.47659166666667
"244",244,18.52768
"245",245,16.72257
"246",246,17.6520316666667
"247",247,14.98831
"248",248,14.64927
"249",249,13.912905
"250",250,13.99978
"251",251,9.87795166666668
"252",252,10.0308416666667
"253",253,9.55240666666666
"254",254,11.18354
"255",255,14.7347516666667
"256",256,7.916675
"257",257,14.50652
"258",258,14.58009
"259",259,8.28749666666667
"260",260,12.3593233333333
"261",261,14.6026466666667
"262",262,10.1593083333333
"263",263,10.8431533333333
"264",264,12.804835
"265",265,9.23513166666666
"266",266,13.1114183333333
"267",267,11.419755
"268",268,16.138295
"269",269,9.93898166666666
"270",270,12.04273
"271",271,8.24093833333333
"272",272,7.540505
"273",273,15.3686916666667
"274",274,10.37549
"275",275,16.2208433333333
"276",276,10.8800416666667
"277",277,12.3515933333333
"278",278,15.0745133333333
"279",279,7.644355
"280",280,12.0380233333333
"281",281,14.770265
"282",282,9.60328666666667
"283",283,9.63242499999999
"284",284,7.91404166666666
"285",285,9.47906833333333
"286",286,8.71670666666667
"287",287,11.1763283333333
"288",288,13.1033533333333
"289",289,12.1513066666667
"290",290,7.54214
"291",291,8.60914166666666
"292",292,6.82885833333333
"293",293,8.39130666666667
"294",294,6.91315833333333
"295",295,16.570985
"296",296,7.49972166666667
"297",297,14.351905
"298",298,7.955585
"299",299,16.700945
"300",300,8.98711666666666
"301",301,13.9618716666667
"302",302,10.135305
"303",303,7.67396166666667
"304",304,15.87762
"305",305,10.8466333333333
"306",306,9.46048833333333
"307",307,7.34522666666666
"308",308,7.88898333333333
"309",309,12.6451866666667
"310",310,8.76378
"311",311,13.1934183333333
"312",312,8.330005
"313",313,14.7263333333333
"314",314,12.9352466666667
"315",315,9.65991833333334
"316",316,8.09462666666667
"317",317,11.352555
"318",318,12.57275
"319",319,9.20678
"320",320,14.1251566666667
"321",321,16.964535
"322",322,15.94885
"323",323,14.2981966666667
"324",324,17.128475
"325",325,11.72601
"326",326,12.288135
"327",327,9.98786
"328",328,7.01732833333333
"329",329,10.6739716666667
"330",330,9.24735
"331",331,16.5209116666667
"332",332,13.57523
"333",333,11.3740183333333
"334",334,10.1803616666667
"335",335,11.1845133333333
"336",336,7.89941
"337",337,13.5510883333333
"338",338,14.77334
"339",339,7.274645
"340",340,7.08381666666667
"341",341,14.0679666666667
"342",342,10.23376
"343",343,6.98999666666667
"344",344,10.3920433333333
"345",345,13.739915
"346",346,9.20329333333333
"347",347,11.8590366666667
"348",348,9.62418
"349",349,12.3731133333333
"350",350,13.073805
"351",351,6.95617666666667
"352",352,16.41297
"353",353,10.56248
"354",354,15.3012533333333
"355",355,12.3615833333333
"356",356,12.9692083333333
"357",357,14.1416033333333
"358",358,11.7272016666667
"359",359,16.75351
"360",360,17.4660766666667
"361",361,9.61796333333333
"362",362,13.673185
"363",363,16.4384333333333
"364",364,11.1670216666667
"365",365,8.48207333333333
"366",366,11.7179416666667
"367",367,9.02893833333333
"368",368,11.9503183333333
"369",369,12.6489766666667
"370",370,6.95641333333333
"371",371,13.857185
"372",372,13.43581
"373",373,12.29628
"374",374,14.0199183333333
"375",375,16.092115
"376",376,18.01071
"377",377,15.4113416666667
"378",378,10.5571883333333
"379",379,11.33326
"380",380,8.59126166666667
"381",381,16.1390733333333
"382",382,7.625175
"383",383,9.30005833333333
"384",384,11.582905
"385",385,17.5654166666667
"386",386,14.7339683333333
"387",387,15.3818666666667
"388",388,13.38516
"389",389,12.6311966666667
"390",390,10.03548
"391",391,13.37666
"392",392,9.68238
"393",393,8.10948833333333
"394",394,7.30422333333333
"395",395,8.84622166666666
"396",396,15.7163616666667
"397",397,8.47780833333333
"398",398,10.7204016666667
"399",399,9.09395666666666
"400",400,10.73151
"401",401,12.9538766666667
"402",402,10.4925683333333
"403",403,9.97969666666666
"404",404,16.9239183333333
"405",405,8.43976
"406",406,10.1175216666667
"407",407,14.14475
"408",408,10.99324
"409",409,17.32881
"410",410,13.4823866666667
"411",411,12.4745116666667
"412",412,7.72577333333333
"413",413,8.818245
"414",414,9.09030833333333
"415",415,7.39042666666667
"416",416,10.7172
"417",417,10.846935
"418",418,9.41341
"419",419,12.9279666666667
"420",420,9.11924
"421",421,13.3632733333333
"422",422,14.34763
"423",423,8.37511666666666
"424",424,14.967405
"425",425,7.02232333333333
"426",426,9.48036833333333
"427",427,14.2677966666667
"428",428,9.19749666666666
"429",429,11.3171966666667
"430",430,12.1155416666667
"431",431,9.59558166666666
"432",432,9.523775
"433",433,7.37240166666666
"434",434,8.09468166666667
"435",435,13.1688483333333
"436",436,8.92533166666667
"437",437,7.71362166666666
"438",438,6.995895
"439",439,15.1015033333333
"440",440,17.880055
"441",441,15.86267
"442",442,13.617705
"443",443,9.97805
"444",444,8.00267499999999
"445",445,14.2008666666667
"446",446,12.5968466666667
"447",447,14.91798
"448",448,9.53772833333332
"449",449,9.18555166666668
"450",450,18.8120083333333
"451",451,11.6975233333333
"452",452,13.43503
"453",453,10.0634533333333
"454",454,12.7008516666667
"455",455,14.5507383333333
"456",456,9.61401666666668
"457",457,15.0320933333333
"458",458,7.89667666666667
"459",459,15.4027483333333
"460",460,13.7638283333333
"461",461,11.3679283333333
"462",462,10.5494866666667
"463",463,11.73386
"464",464,13.7946033333333
"465",465,14.3400466666667
"466",466,12.6610833333333
"467",467,10.33346
"468",468,13.4412816666667
"469",469,10.27267
"470",470,14.03525
"471",471,8.14847833333333
"472",472,12.0019833333333
"473",473,11.671215
"474",474,11.5759983333333
"475",475,9.53448
"476",476,12.3425216666667
"477",477,13.5447583333333
"478",478,7.64817333333333
"479",479,16.4481783333333
"480",480,9.46311
"481",481,14.84357
"482",482,10.897265
"483",483,8.83824
"484",484,9.33701
"485",485,10.7340866666667
"486",486,8.47543
"487",487,10.6993533333333
"488",488,9.33640666666666
"489",489,13.4934233333333
"490",490,7.38467333333333
"491",491,12.3762333333333
"492",492,12.193535
"493",493,6.92778
"494",494,12.5311183333333
"495",495,7.22862666666667
"496",496,16.0987283333333
"497",497,8.421105
"498",498,7.57575833333333
"499",499,11.7266716666667
"500",500,11.33388
"501",501,7.77440166666666
"502",502,14.279245
"503",503,10.0686233333333
"504",504,9.20812666666667
"505",505,10.30652
"506",506,7.48269166666667
"507",507,8.24574666666666
"508",508,9.697345
"509",509,10.602195
"510",510,7.16745666666667
"511",511,13.1103533333333
"512",512,12.45808
"513",513,7.753555
"514",514,13.511685
"515",515,9.71555166666666
"516",516,14.4016483333333
"517",517,8.18119666666666
"518",518,12.44981
"519",519,10.0954516666667
"520",520,11.55448
"521",521,17.1914183333333
"522",522,11.886775
"523",523,7.18310333333333
"524",524,8.58440666666666
"525",525,9.99723666666668
"526",526,7.89258333333333
"527",527,9.65167166666666
"528",528,7.10971833333333
"529",529,12.3365933333333
"530",530,9.99620833333334
"531",531,7.50374166666667
"532",532,17.5880083333333
"533",533,12.43363
"534",534,12.7033733333333
"535",535,10.3650033333333
"536",536,6.99143666666667
"537",537,10.6875316666667
"538",538,9.18804499999999
"539",539,7.40125166666666
"540",540,14.6946066666667
"541",541,8.50639
"542",542,12.9274866666667
"543",543,16.439075
"544",544,11.8211683333333
"545",545,8.27410666666666
"546",546,7.29940833333333
"547",547,10.6096533333333
"548",548,15.828735
"549",549,16.96327
"550",550,7.72930333333333
"551",551,9.42548499999999
"552",552,10.2659433333333
"553",553,14.5121983333333
"554",554,13.9472883333333
"555",555,12.0009316666667
"556",556,14.0302
"557",557,12.8953833333333
"558",558,9.93737
"559",559,10.658585
"560",560,7.53182333333333
"561",561,10.3177066666667
"562",562,11.4859616666667
"563",563,7.28796833333333
"564",564,8.20206666666666
"565",565,10.6529516666667
"566",566,8.47544333333333
"567",567,12.193015
"568",568,12.2323966666667
"569",569,11.050235
"570",570,12.1380683333333
"571",571,11.0273233333333
"572",572,12.9195483333333
"573",573,14.2283433333333
"574",574,7.49463166666667
"575",575,14.95811
"576",576,12.1536833333333
"577",577,14.09169
"578",578,17.708685
"579",579,13.402555
"580",580,14.7383233333333
"581",581,10.664635
"582",582,9.07605833333333
"583",583,7.39010666666667
"584",584,12.388405
"585",585,7.86809333333333
"586",586,7.381635
"587",587,15.8033716666667
"588",588,6.90244833333333
"589",589,9.62752833333334
"590",590,10.8411283333333
"591",591,7.61227833333333
"592",592,8.079195
"593",593,8.95492333333333
"594",594,12.2551516666667
"595",595,9.94864833333332
"596",596,13.190235
"597",597,10.2101766666667
"598",598,10.966095
"599",599,13.5080716666667
"600",600,9.36920666666667
"601",601,8.618515
"602",602,15.9648033333333
"603",603,12.33804
"604",604,15.4080866666667
"605",605,11.47794
"606",606,14.9120883333333
"607",607,15.6951433333333
"608",608,14.6372366666667
"609",609,16.3821433333333
"610",610,11.00646
"611",611,7.47990166666666
"612",612,7.42965333333333
"613",613,7.04651166666667
"614",614,8.97345166666666
"615",615,12.385435
"616",616,9.43808666666667
"617",617,7.97897333333333
"618",618,7.01126
"619",619,12.015385
"620",620,7.59199333333333
"621",621,9.18674
"622",622,11.85946
"623",623,12.286465
"624",624,13.2243466666667
"625",625,12.24368
"626",626,11.1895133333333
"627",627,11.5186516666667
"628",628,8.17566333333334
"629",629,12.5178266666667
"630",630,12.287665
"631",631,7.07578833333333
"632",632,7.90580333333333
"633",633,13.9019966666667
"634",634,9.08911000000002
"635",635,11.9177633333333
"636",636,16.70496
"637",637,8.110765
"638",638,13.0841416666667
"639",639,15.4797466666667
"640",640,7.69954833333333
"641",641,11.126695
"642",642,11.912435
"643",643,13.2891966666667
"644",644,11.5461883333333
"645",645,9.874185
"646",646,9.64912
"647",647,15.2309666666667
"648",648,13.780395
"649",649,8.29809666666667
"650",650,13.8111633333333
"651",651,6.94646333333333
"652",652,9.52293
"653",653,11.7013683333333
"654",654,9.59689499999999
"655",655,14.1085766666667
"656",656,8.05650833333333
"657",657,9.72503833333333
"658",658,10.34573
"659",659,8.12778833333333
"660",660,9.363855
"661",661,20.331155
"662",662,7.60686
"663",663,11.3099333333333
"664",664,16.7784116666667
"665",665,15.0191016666667
"666",666,8.06948833333333
"667",667,14.8874683333333
"668",668,11.7458333333333
"669",669,7.78219333333334
"670",670,11.9303866666667
"671",671,17.5226033333333
"672",672,11.876945
"673",673,8.97002
"674",674,13.216655
"675",675,10.4079933333333
"676",676,8.97562333333333
"677",677,15.0141983333333
"678",678,12.1949216666667
"679",679,8.95434499999999
"680",680,11.535595
"681",681,11.0417733333333
"682",682,11.9417716666667
"683",683,10.8118833333333
"684",684,10.3110416666667
"685",685,7.78974666666667
"686",686,13.8083633333333
"687",687,7.88877833333333
"688",688,9.10976833333333
"689",689,9.21586666666666
"690",690,11.8034
"691",691,12.6350483333333
"692",692,9.42861333333333
"693",693,7.30106166666666
"694",694,9.80108000000001
"695",695,11.52209
"696",696,10.5499483333333
"697",697,11.8745116666667
"698",698,14.4253333333333
"699",699,14.5622033333333
"700",700,10.1100616666667
"701",701,12.2279766666667
"702",702,11.4644716666667
"703",703,9.57520333333333
"704",704,10.3967733333333
"705",705,11.253115
"706",706,7.620905
"707",707,7.59902166666666
"708",708,13.4858433333333
"709",709,10.122435
"710",710,7.44612666666667
"711",711,18.8867133333333
"712",712,15.56926
"713",713,7.87416166666666
"714",714,14.1657583333333
"715",715,9.61229
"716",716,7.65540666666666
"717",717,7.88333166666667
"718",718,8.05760666666667
"719",719,14.5665066666667
"720",720,8.702505
"721",721,9.26172166666666
"722",722,14.78302
"723",723,11.815205
"724",724,11.3261616666667
"725",725,16.7335216666667
"726",726,10.4278983333333
"727",727,11.69253
"728",728,9.34053833333333
"729",729,13.7112783333333
"730",730,13.4241283333333
"731",731,7.36745333333333
"732",732,7.01774833333333
"733",733,7.29381166666666
"734",734,8.97712999999999
"735",735,8.38871166666666
"736",736,8.81798333333334
"737",737,12.5060133333333
"738",738,14.061345
"739",739,8.38750166666666
"740",740,10.6311233333333
"741",741,17.018025
"742",742,8.7801
"743",743,9.02209833333335
"744",744,15.2919166666667
"745",745,12.3683566666667
"746",746,8.16107833333333
"747",747,6.95478666666667
"748",748,9.41325499999999
"749",749,12.1036566666667
"750",750,9.77482999999999
"751",751,8.33914833333333
"752",752,10.5717266666667
"753",753,7.96083166666666
"754",754,10.21773
"755",755,9.70895833333333
"756",756,13.5740683333333
"757",757,10.51024
"758",758,16.150115
"759",759,12.9161866666667
"760",760,7.89748166666666
"761",761,10.2118483333333
"762",762,10.880565
"763",763,8.752675
"764",764,14.37731
"765",765,8.40626999999999
"766",766,11.42255
"767",767,8.05069999999999
"768",768,9.39798500000001
"769",769,9.58321166666668
"770",770,9.88887
"771",771,7.14725833333333
"772",772,12.0444666666667
"773",773,10.131155
"774",774,14.2278416666667
"775",775,6.94714
"776",776,11.1460033333333
"777",777,8.65187666666666
"778",778,6.62546666666667
"779",779,14.4684916666667
"780",780,13.6600183333333
"781",781,12.4014116666667
"782",782,8.31180833333334
"783",783,13.5389066666667
"784",784,7.23061833333333
"785",785,8.30448333333333
"786",786,13.0747016666667
"787",787,8.7018
"788",788,7.74956666666666
"789",789,8.10877
"790",790,12.2991716666667
"791",791,10.175595
"792",792,6.96453
"793",793,10.5387266666667
"794",794,12.2380083333333
"795",795,7.44765666666666
"796",796,7.37729333333333
"797",797,12.12327
"798",798,8.17893333333333
"799",799,7.277915
"800",800,10.0315866666667
"801",801,10.6553033333333
"802",802,12.2261966666667
"803",803,15.346705
"804",804,11.633155
"805",805,8.603425
"806",806,15.2521516666667
"807",807,10.9683083333333
"808",808,11.6317316666667
"809",809,9.69404666666667
"810",810,15.874085
"811",811,11.0804916666667
"812",812,8.9429
"813",813,11.6397566666667
"814",814,13.5383016666667
"815",815,14.6611583333333
"816",816,10.6798866666667
"817",817,8.83794666666667
"818",818,7.10453333333333
"819",819,14.2449683333333
"820",820,14.794205
"821",821,9.00674166666667
"822",822,9.79342333333335
"823",823,16.5079533333333
"824",824,8.00785833333333
"825",825,8.41636333333333
"826",826,10.816135
"827",827,10.4532583333333
"828",828,10.675235
"829",829,8.219265
"830",830,11.3373533333333
"831",831,13.49201
"832",832,11.4290833333333
"833",833,10.9167666666667
"834",834,9.07083
"835",835,13.4694533333333
"836",836,12.007805
"837",837,11.809295
"838",838,15.907275
"839",839,9.20891333333333
"840",840,8.16141333333333
"841",841,11.048705
"842",842,9.52735999999999
"843",843,7.71982
"844",844,9.27789666666667
"845",845,15.5706416666667
"846",846,11.0347733333333
"847",847,8.20215666666666
"848",848,9.82547000000002
"849",849,7.95608833333334
"850",850,7.32824
"851",851,12.45096
"852",852,8.49222666666667
"853",853,7.27571
"854",854,12.0479283333333
"855",855,13.663065
"856",856,13.9907083333333
"857",857,7.26844
"858",858,15.74236
"859",859,8.36745833333333
"860",860,11.1291
"861",861,6.83617166666666
"862",862,10.8475916666667
"863",863,12.7162216666667
"864",864,12.1719016666667
"865",865,9.309535
"866",866,10.4652266666667
"867",867,11.1256483333333
"868",868,10.4030716666667
"869",869,15.3269233333333
"870",870,8.22685833333333
"871",871,13.6086916666667
"872",872,8.19200666666666
"873",873,7.63339666666666
"874",874,11.3671966666667
"875",875,7.34985
"876",876,8.25546833333333
"877",877,11.2633566666667
"878",878,8.89060833333333
"879",879,9.130345
"880",880,10.5118016666667
"881",881,11.523295
"882",882,10.6710766666667
"883",883,9.243055
"884",884,15.4656516666667
"885",885,15.6404633333333
"886",886,12.7541383333333
"887",887,9.34659333333333
"888",888,13.6984966666667
"889",889,15.9620666666667
"890",890,8.12029833333333
"891",891,8.46102333333333
"892",892,11.860645
"893",893,10.4816883333333
"894",894,10.409575
"895",895,17.63581
"896",896,11.6271883333333
"897",897,8.038995
"898",898,7.03792166666667
"899",899,8.35285166666666
"900",900,8.78505833333333
"901",901,12.4496433333333
"902",902,13.2655883333333
"903",903,9.38387
"904",904,7.55874166666666
"905",905,11.6218983333333
"906",906,12.76321
"907",907,7.13645333333333
"908",908,8.39737666666666
"909",909,13.3316133333333
"910",910,15.09378
"911",911,11.89637
"912",912,9.53216500000001
"913",913,15.5989666666667
"914",914,11.7964783333333
"915",915,9.16120166666667
"916",916,8.67349333333333
"917",917,6.92486666666667
"918",918,10.5404283333333
"919",919,13.656735
"920",920,7.72864666666667
"921",921,8.17729666666666
"922",922,12.580635
"923",923,11.710965
"924",924,8.13654166666667
"925",925,7.88359666666666
"926",926,7.74347833333333
"927",927,7.45159666666667
"928",928,6.95186
"929",929,6.63396833333333
"930",930,13.9020483333333
"931",931,8.325525
"932",932,8.11124
"933",933,15.0454083333333
"934",934,10.0973966666667
"935",935,10.623995
"936",936,10.6360733333333
"937",937,11.1239566666667
"938",938,8.98628
"939",939,8.008665
"940",940,8.61104666666667
"941",941,7.915225
"942",942,9.22397833333333
"943",943,9.65121666666666
"944",944,7.501995
"945",945,14.6158016666667
"946",946,12.2918033333333
"947",947,9.32405166666667
"948",948,10.82124
"949",949,10.0033816666667
"950",950,12.8746933333333
"951",951,12.3590483333333
"952",952,7.48526833333333
"953",953,16.4966083333333
"954",954,10.6489083333333
"955",955,11.7223333333333
"956",956,6.903605
"957",957,9.76844666666666
"958",958,15.2027783333333
"959",959,13.71394
"960",960,11.7247516666667
"961",961,11.1371683333333
"962",962,11.80127
"963",963,11.45756
"964",964,9.1832
"965",965,14.880545
"966",966,7.195265
"967",967,8.15200166666667
"968",968,7.59372
"969",969,8.579175
"970",970,10.4375933333333
"971",971,10.1314916666667
"972",972,13.533635
"973",973,14.4946
"974",974,15.2293833333333
"975",975,10.212835
"976",976,17.6794266666667
"977",977,7.65170166666666
"978",978,12.716545
"979",979,11.2824633333333
"980",980,12.773035
"981",981,8.46704
"982",982,12.08911
"983",983,15.4549066666667
"984",984,7.62024666666667
"985",985,9.37817833333333
"986",986,9.30328833333335
"987",987,10.5911966666667
"988",988,12.1227766666667
"989",989,8.79185999999999
"990",990,17.8217966666667
"991",991,13.201645
"992",992,7.74255999999999
"993",993,12.929785
"994",994,8.86604333333333
"995",995,7.22618166666667
"996",996,7.62250833333334
"997",997,13.750825
"998",998,13.3012366666667
"999",999,10.9914483333333
"1000",1000,6.98371833333334
"1001",1001,19.8992616666667
"1002",1002,10.574925
"1003",1003,12.5041733333333
"1004",1004,15.5337166666667
"1005",1005,12.9881333333333
"1006",1006,17.1487516666667
"1007",1007,12.4311166666667
"1008",1008,8.52047166666667
"1009",1009,14.3761233333333
"1010",1010,7.70267833333333
"1011",1011,13.8235616666667
"1012",1012,13.0356933333333
"1013",1013,10.2285283333333
"1014",1014,17.223525
"1015",1015,9.76456
"1016",1016,7.20996666666667
"1017",1017,13.4411833333333
"1018",1018,11.0839533333333
"1019",1019,13.257325
"1020",1020,12.7233983333333
"1021",1021,7.99729166666666
"1022",1022,11.64378
"1023",1023,10.47303
"1024",1024,10.5251783333333
"1025",1025,8.68317166666667
"1026",1026,7.38646333333333
"1027",1027,7.86342666666667
"1028",1028,14.20708
"1029",1029,7.66821166666666
"1030",1030,11.0045816666667
"1031",1031,12.7692433333333
"1032",1032,7.39004666666667
"1033",1033,8.50113333333333
"1034",1034,12.5075183333333
"1035",1035,8.11038166666666
"1036",1036,9.16877333333334
"1037",1037,9.14162833333333
"1038",1038,13.8830716666667
"1039",1039,9.48998666666667
"1040",1040,13.7666566666667
"1041",1041,13.640575
"1042",1042,12.6335366666667
"1043",1043,12.9539283333333
"1044",1044,7.10170166666667
"1045",1045,8.28038999999999
"1046",1046,8.886795
"1047",1047,7.77821166666666
"1048",1048,12.28434
"1049",1049,16.3937316666667
"1050",1050,11.9401766666667
"1051",1051,7.54432166666667
"1052",1052,17.6274466666667
"1053",1053,12.885675
"1054",1054,14.7816216666667
"1055",1055,15.6990916666667
"1056",1056,14.7914
"1057",1057,9.737495
"1058",1058,11.3350033333333
"1059",1059,13.3050583333333
"1060",1060,14.508525
"1061",1061,17.33519
"1062",1062,13.1196383333333
"1063",1063,8.47882833333333
"1064",1064,8.95781666666667
"1065",1065,8.34881666666666
"1066",1066,11.942075
"1067",1067,10.643475
"1068",1068,10.3098966666667
"1069",1069,8.71450499999999
"1070",1070,11.2150033333333
"1071",1071,13.607285
"1072",1072,18.237405
"1073",1073,14.4321216666667
"1074",1074,11.8450933333333
"1075",1075,10.5087733333333
"1076",1076,13.8850616666667
"1077",1077,9.94850833333333
"1078",1078,8.33995666666667
"1079",1079,14.107145
"1080",1080,16.4147083333333
"1081",1081,12.9943683333333
"1082",1082,8.62589666666666
"1083",1083,14.7885183333333
"1084",1084,10.9276266666667
"1085",1085,13.5336283333333
"1086",1086,9.54589666666667
"1087",1087,13.1200333333333
"1088",1088,9.58325166666665
"1089",1089,15.1352883333333
"1090",1090,13.2526033333333
"1091",1091,12.94576
"1092",1092,8.19799666666667
"1093",1093,7.48227166666667
"1094",1094,7.135105
"1095",1095,13.2045066666667
"1096",1096,11.3678466666667
"1097",1097,10.2835033333333
"1098",1098,7.28279
"1099",1099,12.7862516666667
"1100",1100,17.8206616666667
"1101",1101,15.3087716666667
"1102",1102,9.63622333333333
"1103",1103,16.1113166666667
"1104",1104,10.432365
"1105",1105,7.53080333333333
"1106",1106,16.4655266666667
"1107",1107,11.1085616666667
"1108",1108,14.021
"1109",1109,11.2101816666667
"1110",1110,14.2189566666667
"1111",1111,16.27875
"1112",1112,14.197515
"1113",1113,11.7643633333333
"1114",1114,17.3674066666667
"1115",1115,14.9119216666667
"1116",1116,10.9007966666667
"1117",1117,13.85644
"1118",1118,13.857075
"1119",1119,18.4766383333333
"1120",1120,16.2623
"1121",1121,8.79213999999999
"1122",1122,7.75575
"1123",1123,12.6409266666667
"1124",1124,12.259795
"1125",1125,6.90179333333333
"1126",1126,16.12075
"1127",1127,15.6104166666667
"1128",1128,11.65071
"1129",1129,13.6252016666667
"1130",1130,14.8264766666667
"1131",1131,12.068745
"1132",1132,6.77046
"1133",1133,14.81308
"1134",1134,17.0881633333333
"1135",1135,7.46814833333333
"1136",1136,14.10199
"1137",1137,12.478205
"1138",1138,14.9808333333333
"1139",1139,11.2581983333333
"1140",1140,13.292755
"1141",1141,16.3508816666667
"1142",1142,11.35425
"1143",1143,9.27120833333333
"1144",1144,9.62451166666667
"1145",1145,17.58427
"1146",1146,14.7471666666667
"1147",1147,13.8517966666667
"1148",1148,13.5573
"1149",1149,11.7751183333333
"1150",1150,12.9564533333333
"1151",1151,7.46271
"1152",1152,16.2813283333333
"1153",1153,10.4572066666667
"1154",1154,9.06336
"1155",1155,14.4959133333333
"1156",1156,7.18736666666666
"1157",1157,8.167345
"1158",1158,7.65260166666667
"1159",1159,10.3548533333333
"1160",1160,14.2350166666667
"1161",1161,9.81133833333333
"1162",1162,8.53555666666666
"1163",1163,7.84977833333333
"1164",1164,7.11052
"1165",1165,10.679335
"1166",1166,12.033275
"1167",1167,19.3137933333333
"1168",1168,12.314575
"1169",1169,11.1189016666667
"1170",1170,12.4350516666667
"1171",1171,11.0899383333333
"1172",1172,11.7607083333333
"1173",1173,7.29257166666666
"1174",1174,7.17005166666667
"1175",1175,12.0777683333333
"1176",1176,15.4572966666667
"1177",1177,13.1450883333333
"1178",1178,8.99550666666666
"1179",1179,7.27621166666667
"1180",1180,13.3143416666667
"1181",1181,10.9175016666667
"1182",1182,9.88674333333334
"1183",1183,8.67689666666666
"1184",1184,8.89847166666667
"1185",1185,16.1959616666667
"1186",1186,8.91750833333333
"1187",1187,14.3412566666667
"1188",1188,13.8766416666667
"1189",1189,14.538505
"1190",1190,14.0109616666667
"1191",1191,14.5896133333333
"1192",1192,8.839885
"1193",1193,7.80501166666666
"1194",1194,10.7689116666667
"1195",1195,9.07247666666667
"1196",1196,10.7906783333333
"1197",1197,10.1750266666667
"1198",1198,18.356305
"1199",1199,9.40505666666666
"1200",1200,11.1839583333333
"1201",1201,9.210475
"1202",1202,17.1767516666667
"1203",1203,14.4893866666667
"1204",1204,12.2265766666667
"1205",1205,12.7158033333333
"1206",1206,13.340965
"1207",1207,7.43814833333334
"1208",1208,13.3087966666667
"1209",1209,11.0505933333333
"1210",1210,10.9145666666667
"1211",1211,13.0625083333333
"1212",1212,10.490395
"1213",1213,15.2123316666667
"1214",1214,8.202685
"1215",1215,7.40140166666667
"1216",1216,9.55016
"1217",1217,18.61185
"1218",1218,10.6092283333333
"1219",1219,7.658115
"1220",1220,11.1991633333333
"1221",1221,17.2427066666667
"1222",1222,17.463565
"1223",1223,7.72384666666666
"1224",1224,9.77941499999999
"1225",1225,11.6874183333333
"1226",1226,13.279005
"1227",1227,13.0132
"1228",1228,14.8397083333333
"1229",1229,9.59682333333333
"1230",1230,13.8013616666667
"1231",1231,18.07184
"1232",1232,8.32278666666667
"1233",1233,12.9124183333333
"1234",1234,8.50711833333333
"1235",1235,13.09834
"1236",1236,12.2465216666667
"1237",1237,9.02354
"1238",1238,11.74417
"1239",1239,7.37142833333334
"1240",1240,9.31587166666667
"1241",1241,7.26200333333333
"1242",1242,12.54128
"1243",1243,14.2708216666667
"1244",1244,17.0061183333333
"1245",1245,17.3809316666667
"1246",1246,17.5494183333333
"1247",1247,14.2710016666667
"1248",1248,8.06788833333333
"1249",1249,7.39013833333333
"1250",1250,13.89299
"1251",1251,10.6429283333333
"1252",1252,13.3187566666667
"1253",1253,7.32121833333334
"1254",1254,13.6813016666667
"1255",1255,13.1560616666667
"1256",1256,11.5124
"1257",1257,9.12368833333333
"1258",1258,15.3456033333333
"1259",1259,7.35146
"1260",1260,8.57930666666667
"1261",1261,9.52031000000001
"1262",1262,10.8720366666667
"1263",1263,16.6605583333333
"1264",1264,14.7767566666667
"1265",1265,9.94970166666667
"1266",1266,14.44324
"1267",1267,15.33304
"1268",1268,17.0527866666667
"1269",1269,11.7952583333333
"1270",1270,12.6321633333333
"1271",1271,8.71362166666666
"1272",1272,11.17626
"1273",1273,16.0405983333333
"1274",1274,8.22716333333333
"1275",1275,15.4111083333333
"1276",1276,15.2808666666667
"1277",1277,8.4173
"1278",1278,14.2919366666667
"1279",1279,14.6844816666667
"1280",1280,9.73429166666667
"1281",1281,8.48973166666667
"1282",1282,14.7102316666667
"1283",1283,17.7090783333333
"1284",1284,6.82174833333334
"1285",1285,11.067015
"1286",1286,6.75012666666667
"1287",1287,10.411755
"1288",1288,8.39852333333333
"1289",1289,7.71062666666666
"1290",1290,13.0409733333333
"1291",1291,11.8245033333333
"1292",1292,17.3462133333333
"1293",1293,7.231575
"1294",1294,13.840785
"1295",1295,15.3914533333333
"1296",1296,16.1394266666667
"1297",1297,7.34392833333333
"1298",1298,12.334245
"1299",1299,12.821555
"1300",1300,17.0373316666667
"1301",1301,8.201175
"1302",1302,11.34173
"1303",1303,12.46412
"1304",1304,10.1780333333333
"1305",1305,12.8866866666667
"1306",1306,15.1011716666667
"1307",1307,9.13303
"1308",1308,10.0868016666667
"1309",1309,11.2529916666667
"1310",1310,16.8748
"1311",1311,9.85859166666668
"1312",1312,10.9113316666667
"1313",1313,7.32312333333333
"1314",1314,12.3380283333333
"1315",1315,11.611625
"1316",1316,13.6673366666667
"1317",1317,10.5699133333333
"1318",1318,8.99905166666667
"1319",1319,11.6216183333333
"1320",1320,13.9699833333333
"1321",1321,15.8201716666667
"1322",1322,12.7248866666667
"1323",1323,7.73369
"1324",1324,17.988355
"1325",1325,9.89556166666667
"1326",1326,10.2336733333333
"1327",1327,14.85906
"1328",1328,13.2303233333333
"1329",1329,12.91971
"1330",1330,13.118335
"1331",1331,8.27004833333334
"1332",1332,12.2185133333333
"1333",1333,11.5695616666667
"1334",1334,15.4172466666667
"1335",1335,13.0237833333333
"1336",1336,11.642045
"1337",1337,8.34733166666667
"1338",1338,8.08755
"1339",1339,12.3219516666667
"1340",1340,11.9412966666667
"1341",1341,15.2736283333333
"1342",1342,13.5497883333333
"1343",1343,9.98189999999999
"1344",1344,9.98097833333334
"1345",1345,14.51857
"1346",1346,11.1258316666667
"1347",1347,10.3965483333333
"1348",1348,9.46857166666667
"1349",1349,11.7378666666667
"1350",1350,7.75691333333333
"1351",1351,14.4561133333333
"1352",1352,10.318955
"1353",1353,9.60217500000001
"1354",1354,15.0708683333333
"1355",1355,12.65705
"1356",1356,14.2286883333333
"1357",1357,7.43972333333333
"1358",1358,12.9487383333333
"1359",1359,17.2369116666667
"1360",1360,13.028625
"1361",1361,10.9913483333333
"1362",1362,11.275205
"1363",1363,13.5122416666667
"1364",1364,7.938825
"1365",1365,16.0030483333333
"1366",1366,10.5178233333333
"1367",1367,13.10917
"1368",1368,9.405695
"1369",1369,15.094905
"1370",1370,16.4762783333333
"1371",1371,13.8283383333333
"1372",1372,11.7116916666667
"1373",1373,10.55893
"1374",1374,13.0219533333333
"1375",1375,8.48353
"1376",1376,14.0021066666667
"1377",1377,18.91781
"1378",1378,17.6733716666667
"1379",1379,12.29109
"1380",1380,18.5728166666667
"1381",1381,10.2778216666667
"1382",1382,13.9239533333333
"1383",1383,16.3839283333333
"1384",1384,14.4694316666667
"1385",1385,12.6945016666667
"1386",1386,14.445105
"1387",1387,18.47247
"1388",1388,10.8851666666667
"1389",1389,11.7285233333333
"1390",1390,11.80465
"1391",1391,16.4089116666667
"1392",1392,16.1691366666667
"1393",1393,9.76493
"1394",1394,9.51540333333333
"1395",1395,17.1398233333333
"1396",1396,18.91359
"1397",1397,11.2043666666667
"1398",1398,12.379615
"1399",1399,18.628705
"1400",1400,11.4066933333333
"1401",1401,12.5863583333333
"1402",1402,16.716295
"1403",1403,12.0111033333333
"1404",1404,11.8138766666667
"1405",1405,15.28611
"1406",1406,7.88946666666666
"1407",1407,11.3137016666667
"1408",1408,16.658
"1409",1409,8.26909166666666
"1410",1410,16.4571066666667
"1411",1411,13.6127483333333
"1412",1412,10.81569
"1413",1413,12.3203733333333
"1414",1414,11.32709
"1415",1415,11.9645
"1416",1416,12.5506683333333
"1417",1417,14.2602316666667
"1418",1418,8.23056833333333
"1419",1419,9.34258
"1420",1420,16.16792
"1421",1421,10.6198516666667
"1422",1422,11.9978033333333
"1423",1423,18.173445
"1424",1424,6.872455
"1425",1425,15.26471
"1426",1426,12.1262516666667
"1427",1427,9.59467333333335
"1428",1428,19.6630933333333
"1429",1429,17.968475
"1430",1430,11.59254
"1431",1431,15.7002183333333
"1432",1432,11.5306483333333
"1433",1433,10.2298066666667
"1434",1434,6.94084666666667
"1435",1435,17.7422466666667
"1436",1436,9.18941999999999
"1437",1437,14.113105
"1438",1438,16.3933716666667
"1439",1439,12.6726633333333
"1440",1440,9.38248166666667
"1441",1441,6.77536166666667
"1442",1442,9.48171333333335
"1443",1443,11.1814266666667
"1444",1444,9.13516666666667
"1445",1445,13.2716183333333
"1446",1446,13.94383
"1447",1447,7.37100333333334
"1448",1448,16.183635
"1449",1449,8.75221
"1450",1450,13.3063266666667
"1451",1451,11.7199833333333
"1452",1452,14.4163916666667
"1453",1453,15.11152
"1454",1454,15.624675
"1455",1455,11.3502683333333
"1456",1456,12.7583616666667
"1457",1457,9.85758166666668
"1458",1458,15.6633616666667
"1459",1459,7.29671833333333
"1460",1460,13.0875533333333
"1461",1461,16.37431
"1462",1462,14.608955
"1463",1463,12.7432716666667
"1464",1464,16.6231316666667
"1465",1465,15.2978133333333
"1466",1466,16.58951
"1467",1467,8.36773333333334
"1468",1468,12.6958416666667
"1469",1469,9.75911833333334
"1470",1470,16.1792933333333
"1471",1471,7.80294333333333
"1472",1472,18.8051933333333
"1473",1473,8.60088333333333
"1474",1474,8.50469166666667
"1475",1475,12.8903966666667
"1476",1476,14.4686833333333
"1477",1477,14.118195
"1478",1478,11.3335716666667
"1479",1479,9.32484666666666
"1480",1480,11.0040866666667
"1481",1481,15.5568283333333
"1482",1482,12.4363616666667
"1483",1483,15.0296066666667
"1484",1484,9.336675
"1485",1485,12.4719966666667
"1486",1486,11.9148966666667
"1487",1487,19.0751033333333
"1488",1488,13.6918866666667
"1489",1489,12.939705
"1490",1490,13.05642
"1491",1491,15.3052416666667
"1492",1492,15.1908533333333
"1493",1493,12.200985
"1494",1494,11.31262
"1495",1495,9.61351499999999
"1496",1496,10.8810383333333
"1497",1497,13.7792383333333
"1498",1498,17.3234383333333
"1499",1499,15.3817533333333
"1500",1500,17.0290466666667
"1501",1501,11.041725
"1502",1502,12.1661666666667
"1503",1503,14.306055
"1504",1504,11.8100916666667
"1505",1505,17.3638583333333
"1506",1506,16.2321516666667
"1507",1507,11.87886
"1508",1508,11.5023383333333
"1509",1509,12.7568683333333
"1510",1510,8.304225
"1511",1511,14.6503116666667
"1512",1512,10.4721383333333
"1513",1513,16.9686933333333
"1514",1514,16.23655
"1515",1515,15.2378466666667
"1516",1516,14.7267416666667
"1517",1517,17.2192266666667
"1518",1518,13.6494566666667
"1519",1519,13.6750566666667
"1520",1520,13.6539983333333
"1521",1521,16.3735183333333
"1522",1522,11.1822433333333
"1523",1523,13.4274733333333
"1524",1524,10.0591916666667
"1525",1525,12.3042783333333
"1526",1526,10.78716
"1527",1527,14.3187866666667
"1528",1528,12.162525
"1529",1529,10.4697866666667
"1530",1530,7.60551166666666
"1531",1531,16.1788183333333
"1532",1532,7.28473333333333
"1533",1533,10.5980066666667
"1534",1534,8.42274333333334
"1535",1535,14.81497
"1536",1536,9.75731666666668
"1537",1537,9.91605333333333
"1538",1538,16.942415
"1539",1539,11.3033666666667
"1540",1540,15.4585483333333
"1541",1541,13.4016433333333
"1542",1542,15.4595466666667
"1543",1543,12.3543616666667
"1544",1544,13.0275616666667
"1545",1545,12.127085
"1546",1546,13.1987466666667
"1547",1547,7.30468333333333
"1548",1548,17.27514
"1549",1549,8.784175
"1550",1550,10.4177483333333
"1551",1551,9.30435333333335
"1552",1552,12.400385
"1553",1553,12.75956
"1554",1554,17.86788
"1555",1555,8.32803333333333
"1556",1556,9.37532000000002
"1557",1557,13.5437233333333
"1558",1558,7.52202833333333
"1559",1559,14.6327533333333
"1560",1560,9.55568166666668
"1561",1561,9.96409166666668
"1562",1562,13.540585
"1563",1563,14.6066433333333
"1564",1564,11.05037
"1565",1565,16.1754866666667
"1566",1566,8.28177166666666
"1567",1567,9.96068333333334
"1568",1568,11.658425
"1569",1569,10.9226283333333
"1570",1570,14.6959516666667
"1571",1571,12.600755
"1572",1572,13.69572
"1573",1573,12.3234316666667
"1574",1574,15.48182
"1575",1575,7.20325
"1576",1576,9.99980166666666
"1577",1577,13.02938
"1578",1578,10.1460683333333
"1579",1579,12.3976983333333
"1580",1580,9.07718
"1581",1581,14.60024
"1582",1582,12.9594816666667
"1583",1583,9.43092833333333
"1584",1584,16.6216916666667
"1585",1585,7.24153333333333
"1586",1586,9.95254500000001
"1587",1587,17.0308366666667
"1588",1588,13.91904
"1589",1589,16.831435
"1590",1590,16.584655
"1591",1591,11.1694533333333
"1592",1592,16.9447433333333
"1593",1593,8.18374666666666
"1594",1594,13.6128833333333
"1595",1595,11.6355383333333
"1596",1596,10.0038733333333
"1597",1597,8.588695
"1598",1598,10.30474
"1599",1599,10.752535
"1600",1600,16.1451233333333
"1601",1601,8.364045
"1602",1602,12.6548283333333
"1603",1603,19.3337233333333
"1604",1604,10.5152733333333
"1605",1605,9.61752666666667
"1606",1606,16.7348033333333
"1607",1607,11.3587166666667
"1608",1608,10.560065
"1609",1609,10.11362
"1610",1610,13.9192316666667
"1611",1611,7.410435
"1612",1612,13.3176116666667
"1613",1613,9.36785833333333
"1614",1614,10.5876433333333
"1615",1615,16.5362983333333
"1616",1616,7.380605
"1617",1617,8.38047666666666
"1618",1618,14.225395
"1619",1619,7.55814166666666
"1620",1620,7.259305
"1621",1621,7.17535333333333
"1622",1622,9.66522666666666
"1623",1623,13.1084466666667
"1624",1624,16.12296
"1625",1625,7.00572166666666
"1626",1626,10.54701
"1627",1627,11.1765383333333
"1628",1628,14.5781016666667
"1629",1629,9.96118500000001
"1630",1630,16.619665
"1631",1631,13.2642783333333
"1632",1632,14.862155
"1633",1633,6.763605
"1634",1634,7.54497333333333
"1635",1635,10.76382
"1636",1636,7.90956333333333
"1637",1637,9.43331166666667
"1638",1638,7.38295
"1639",1639,14.7864333333333
"1640",1640,15.783875
"1641",1641,10.27447
"1642",1642,9.81342166666666
"1643",1643,7.13835666666666
"1644",1644,16.2709783333333
"1645",1645,10.4000416666667
"1646",1646,9.82988999999999
"1647",1647,12.2455566666667
"1648",1648,13.6942466666667
"1649",1649,17.8757883333333
"1650",1650,13.1023333333333
"1651",1651,7.96707333333333
"1652",1652,11.0359683333333
"1653",1653,6.66563666666667
"1654",1654,12.953215
"1655",1655,12.825635
"1656",1656,9.90579666666667
"1657",1657,7.66311333333333
"1658",1658,11.14479
"1659",1659,7.57770166666667
"1660",1660,12.858995
"1661",1661,7.81823166666666
"1662",1662,9.33992833333333
"1663",1663,17.8315633333333
"1664",1664,11.3991316666667
"1665",1665,9.84191666666666
"1666",1666,13.2469933333333
"1667",1667,15.5489716666667
"1668",1668,16.0133366666667
"1669",1669,10.4707616666667
"1670",1670,10.442325
"1671",1671,8.80440166666666
"1672",1672,9.43772
"1673",1673,7.60141666666666
"1674",1674,10.890065
"1675",1675,10.517665
"1676",1676,8.36925666666667
"1677",1677,10.32011
"1678",1678,7.82489833333333
"1679",1679,9.71057166666666
"1680",1680,15.4443083333333
"1681",1681,9.19675166666667
"1682",1682,10.71448
"1683",1683,12.4716383333333
"1684",1684,15.0665766666667
"1685",1685,12.7453416666667
"1686",1686,13.0261933333333
"1687",1687,6.97201833333333
"1688",1688,12.8579183333333
"1689",1689,10.3582
"1690",1690,18.5767533333333
"1691",1691,13.2953233333333
"1692",1692,11.2104466666667
"1693",1693,11.7613733333333
"1694",1694,19.2060716666667
"1695",1695,15.2489366666667
"1696",1696,9.04893166666667
"1697",1697,16.6092066666667
"1698",1698,9.40028333333333
"1699",1699,10.1917616666667
"1700",1700,9.70898666666666
"1701",1701,8.00588333333333
"1702",1702,10.122685
"1703",1703,13.605775
"1704",1704,16.7268366666667
"1705",1705,15.5218633333333
"1706",1706,17.1622266666667
"1707",1707,15.1350516666667
"1708",1708,12.1856616666667
"1709",1709,7.78312833333333
"1710",1710,8.925525
"1711",1711,15.647625
"1712",1712,9.61111166666668
"1713",1713,10.4787666666667
"1714",1714,10.7319916666667
"1715",1715,11.8222633333333
"1716",1716,12.6920683333333
"1717",1717,14.237735
"1718",1718,11.800935
"1719",1719,9.57527
"1720",1720,19.3538316666667
"1721",1721,9.764455
"1722",1722,12.6630266666667
"1723",1723,12.7786066666667
"1724",1724,9.965345
"1725",1725,18.8577916666667
"1726",1726,11.6548616666667
"1727",1727,10.51956
"1728",1728,16.8696833333333
"1729",1729,10.8129733333333
"1730",1730,8.725945
"1731",1731,9.64543166666666
"1732",1732,17.2288133333333
"1733",1733,14.7697783333333
"1734",1734,10.1981716666667
"1735",1735,10.45853
"1736",1736,11.4786433333333
"1737",1737,13.4248566666667
"1738",1738,16.575785
"1739",1739,11.10561
"1740",1740,9.10175166666667
"1741",1741,18.5134033333333
"1742",1742,7.22001833333333
"1743",1743,12.3869983333333
"1744",1744,10.6609366666667
"1745",1745,16.4432683333333
"1746",1746,12.46099
"1747",1747,7.90001833333334
"1748",1748,10.3225
"1749",1749,9.28670666666666
"1750",1750,16.9544116666667
"1751",1751,11.1754633333333
"1752",1752,9.08896833333333
"1753",1753,19.2153016666667
"1754",1754,12.66408
"1755",1755,19.1313266666667
"1756",1756,15.5610583333333
"1757",1757,9.66321666666667
"1758",1758,13.2676166666667
"1759",1759,11.1182416666667
"1760",1760,14.2134416666667
"1761",1761,13.53198
"1762",1762,13.2700883333333
"1763",1763,8.03121833333333
"1764",1764,17.666645
"1765",1765,9.237795
"1766",1766,16.3764133333333
"1767",1767,7.27159
"1768",1768,16.98568
"1769",1769,14.2481383333333
"1770",1770,18.91557
"1771",1771,14.199615
"1772",1772,7.47552833333333
"1773",1773,11.96773
"1774",1774,8.97829666666666
"1775",1775,13.4676666666667
"1776",1776,8.52938166666667
"1777",1777,12.243955
"1778",1778,10.4391466666667
"1779",1779,13.7511683333333
"1780",1780,11.837145
"1781",1781,7.55097833333333
"1782",1782,7.31368
"1783",1783,10.6875816666667
"1784",1784,13.3061383333333
"1785",1785,8.10248999999999
"1786",1786,9.16010666666667
"1787",1787,10.1918666666667
"1788",1788,11.2393583333333
"1789",1789,12.7801766666667
"1790",1790,8.572295
"1791",1791,12.08046
"1792",1792,10.8039083333333
"1793",1793,13.21285
"1794",1794,15.2221483333333
"1795",1795,9.02722666666667
"1796",1796,7.36286333333333
"1797",1797,12.8613733333333
"1798",1798,8.18129999999999
"1799",1799,11.120845
"1800",1800,12.3447616666667
"1801",1801,16.098595
"1802",1802,16.5852566666667
"1803",1803,7.83685666666667
"1804",1804,11.0822183333333
"1805",1805,15.8335483333333
"1806",1806,6.87636833333334
"1807",1807,10.9840883333333
"1808",1808,13.4223333333333
"1809",1809,11.82811
"1810",1810,7.40414
"1811",1811,12.170875
"1812",1812,9.350565
"1813",1813,7.64148166666666
"1814",1814,16.8384583333333
"1815",1815,15.5808983333333
"1816",1816,14.7547133333333
"1817",1817,12.0145933333333
"1818",1818,10.91214
"1819",1819,17.2216233333333
"1820",1820,13.8443766666667
"1821",1821,13.26313
"1822",1822,9.73485166666666
"1823",1823,11.9087316666667
"1824",1824,15.9197033333333
"1825",1825,11.958805
"1826",1826,15.1398116666667
"1827",1827,11.377705
"1828",1828,12.15643
"1829",1829,10.83867
"1830",1830,11.03858
"1831",1831,13.05631
"1832",1832,8.29155166666667
"1833",1833,10.684185
"1834",1834,6.969845
"1835",1835,7.39945333333333
"1836",1836,7.29168333333333
"1837",1837,8.11391
"1838",1838,7.699935
"1839",1839,8.638035
"1840",1840,17.35404
"1841",1841,9.70378666666668
"1842",1842,11.665655
"1843",1843,15.2999216666667
"1844",1844,12.6086816666667
"1845",1845,10.20952
"1846",1846,13.3193216666667
"1847",1847,7.00680666666667
"1848",1848,10.1541983333333
"1849",1849,12.6815316666667
"1850",1850,9.11098333333333
"1851",1851,8.29345499999999
"1852",1852,6.797015
"1853",1853,14.0860583333333
"1854",1854,15.9549083333333
"1855",1855,17.8241016666667
"1856",1856,10.590535
"1857",1857,10.8611733333333
"1858",1858,10.240015
"1859",1859,6.6529
"1860",1860,8.69635666666666
"1861",1861,10.816805
"1862",1862,15.2190516666667
"1863",1863,10.6902
"1864",1864,17.9416216666667
"1865",1865,10.5833
"1866",1866,11.4128016666667
"1867",1867,11.6189583333333
"1868",1868,16.73107
"1869",1869,14.50367
"1870",1870,11.4027883333333
"1871",1871,11.899445
"1872",1872,11.7147316666667
"1873",1873,7.13064166666667
"1874",1874,13.0912316666667
"1875",1875,11.4713266666667
"1876",1876,17.34443
"1877",1877,9.81878666666667
"1878",1878,8.92107500000002
"1879",1879,6.92116333333333
"1880",1880,7.519665
"1881",1881,6.92469666666667
"1882",1882,12.5885683333333
"1883",1883,12.383505
"1884",1884,13.1589816666667
"1885",1885,16.7654483333333
"1886",1886,8.7215
"1887",1887,19.388685
"1888",1888,9.95254833333333
"1889",1889,10.0758366666667
"1890",1890,11.5436066666667
"1891",1891,12.8924516666667
"1892",1892,11.8990866666667
"1893",1893,21.4274533333333
"1894",1894,8.79859166666666
"1895",1895,9.47412
"1896",1896,11.68544
"1897",1897,13.614415
"1898",1898,16.94025
"1899",1899,9.233935
"1900",1900,12.39369
"1901",1901,13.6545533333333
"1902",1902,8.3736
"1903",1903,9.45073666666668
"1904",1904,15.2584066666667
"1905",1905,12.3145433333333
"1906",1906,14.5380816666667
"1907",1907,14.325285
"1908",1908,13.5412383333333
"1909",1909,9.522275
"1910",1910,14.0005583333333
"1911",1911,12.87762
"1912",1912,18.976345
"1913",1913,16.1130483333333
"1914",1914,15.1570716666667
"1915",1915,11.81635
"1916",1916,11.27869
"1917",1917,9.221845
"1918",1918,14.9313533333333
"1919",1919,13.7220616666667
"1920",1920,10.1404066666667
"1921",1921,8.05953833333333
"1922",1922,8.77515
"1923",1923,10.3470566666667
"1924",1924,12.5310933333333
"1925",1925,9.22504666666666
"1926",1926,11.237505
"1927",1927,6.80543333333333
"1928",1928,12.2646433333333
"1929",1929,7.70795166666667
"1930",1930,7.87553666666666
"1931",1931,13.543185
"1932",1932,8.07715833333333
"1933",1933,16.3824916666667
"1934",1934,13.8623216666667
"1935",1935,15.2147933333333
"1936",1936,13.2745816666667
"1937",1937,15.128365
"1938",1938,16.4921683333333
"1939",1939,14.2963266666667
"1940",1940,13.804225
"1941",1941,10.4663183333333
"1942",1942,8.15137666666667
"1943",1943,10.278095
"1944",1944,10.5883016666667
"1945",1945,7.44206833333333
"1946",1946,13.5258833333333
"1947",1947,13.1675633333333
"1948",1948,9.15307166666667
"1949",1949,8.07418166666667
"1950",1950,8.2138
"1951",1951,14.3299566666667
"1952",1952,9.26111000000001
"1953",1953,12.807
"1954",1954,8.394705
"1955",1955,9.31595166666666
"1956",1956,10.2792316666667
"1957",1957,9.98151
"1958",1958,9.86466499999999
"1959",1959,12.26976
"1960",1960,8.42186999999999
"1961",1961,8.99413833333334
"1962",1962,14.1374333333333
"1963",1963,18.5500416666667
"1964",1964,6.97986333333333
"1965",1965,12.3937416666667
"1966",1966,10.6029333333333
"1967",1967,13.7064
"1968",1968,10.8623533333333
"1969",1969,7.123195
"1970",1970,8.26708833333333
"1971",1971,11.296805
"1972",1972,14.5063783333333
"1973",1973,15.7850633333333
"1974",1974,10.8622533333333
"1975",1975,9.97371833333334
"1976",1976,13.8101533333333
"1977",1977,11.67287
"1978",1978,11.5472633333333
"1979",1979,11.954475
"1980",1980,15.4373033333333
"1981",1981,14.33563
"1982",1982,12.322085
"1983",1983,8.62534
"1984",1984,15.6285433333333
"1985",1985,8.13065833333333
"1986",1986,7.43787166666667
"1987",1987,11.0343616666667
"1988",1988,7.907455
"1989",1989,11.8721033333333
"1990",1990,14.1205716666667
"1991",1991,10.4885283333333
"1992",1992,13.1163833333333
"1993",1993,11.99018
"1994",1994,7.9586
"1995",1995,15.53814
"1996",1996,11.3867166666667
"1997",1997,10.9723866666667
"1998",1998,11.3036433333333
"1999",1999,13.0796466666667
"2000",2000,12.8176416666667
"2001",2001,15.8200766666667
"2002",2002,10.716955
"2003",2003,12.3260983333333
"2004",2004,14.0361733333333
"2005",2005,7.744345
"2006",2006,9.84261333333333
"2007",2007,12.1285316666667
"2008",2008,15.166595
"2009",2009,18.7480666666667
"2010",2010,10.8740633333333
"2011",2011,16.466745
"2012",2012,9.57567833333333
"2013",2013,11.8663733333333
"2014",2014,7.58405166666667
"2015",2015,13.8438683333333
"2016",2016,16.4285633333333
"2017",2017,7.15897
"2018",2018,12.532205
"2019",2019,9.83806333333333
"2020",2020,10.0222583333333
"2021",2021,7.65216
"2022",2022,10.4157716666667
"2023",2023,17.6159166666667
"2024",2024,14.6426066666667
"2025",2025,10.0480033333333
"2026",2026,14.0373883333333
"2027",2027,13.54565
"2028",2028,14.301335
"2029",2029,12.7400866666667
"2030",2030,10.2386766666667
"2031",2031,13.8785316666667
"2032",2032,15.3758766666667
"2033",2033,10.3229816666667
"2034",2034,16.617385
"2035",2035,15.588605
"2036",2036,11.8957333333333
"2037",2037,17.42626
"2038",2038,9.39342166666667
"2039",2039,12.511915
"2040",2040,14.0674966666667
"2041",2041,11.8565066666667
"2042",2042,15.618255
"2043",2043,14.0281383333333
"2044",2044,19.2967516666667
"2045",2045,12.512905
"2046",2046,8.36543666666667
"2047",2047,9.426885
"2048",2048,7.65979166666666
"2049",2049,13.17837
"2050",2050,11.3361633333333
"2051",2051,16.9181866666667
"2052",2052,15.2928816666667
"2053",2053,19.2527716666667
"2054",2054,13.4090533333333
"2055",2055,18.5658383333333
"2056",2056,16.1140966666667
"2057",2057,16.3823716666667
"2058",2058,7.47408833333333
"2059",2059,17.14727
"2060",2060,7.65685833333334
"2061",2061,10.4915633333333
"2062",2062,11.2466533333333
"2063",2063,14.8744983333333
"2064",2064,13.6114833333333
"2065",2065,6.88385
"2066",2066,18.1961716666667
"2067",2067,13.1128533333333
"2068",2068,18.6936016666667
"2069",2069,7.79043666666667
"2070",2070,9.81217333333333
"2071",2071,8.84649333333333
"2072",2072,10.181225
"2073",2073,15.0275916666667
"2074",2074,15.3923033333333
"2075",2075,6.70497666666667
"2076",2076,11.639405
"2077",2077,14.2627166666667
"2078",2078,16.7444983333333
"2079",2079,16.889945
"2080",2080,17.4247866666667
"2081",2081,12.252985
"2082",2082,14.31582
"2083",2083,16.858665
"2084",2084,8.97784333333333
"2085",2085,10.6327666666667
"2086",2086,13.474945
"2087",2087,9.04182
"2088",2088,9.52038
"2089",2089,16.96646
"2090",2090,7.42241
"2091",2091,11.5947733333333
"2092",2092,11.9747833333333
"2093",2093,13.8642466666667
"2094",2094,9.70018166666667
"2095",2095,11.2593633333333
"2096",2096,14.6653816666667
"2097",2097,17.3188
"2098",2098,15.48022
"2099",2099,7.54569833333333
"2100",2100,19.281525
"2101",2101,15.1438433333333
"2102",2102,9.92930166666667
"2103",2103,13.6410866666667
"2104",2104,12.3693333333333
"2105",2105,11.7036066666667
"2106",2106,15.3008533333333
"2107",2107,18.406175
"2108",2108,16.0085033333333
"2109",2109,16.5060866666667
"2110",2110,9.86836166666667
"2111",2111,8.03763166666667
"2112",2112,15.1226083333333
"2113",2113,16.0215933333333
"2114",2114,13.48766
"2115",2115,11.390695
"2116",2116,7.64040333333333
"2117",2117,16.9924883333333
"2118",2118,14.0688683333333
"2119",2119,6.63848166666667
"2120",2120,13.5673516666667
"2121",2121,8.16877
"2122",2122,16.0181383333333
"2123",2123,18.4920033333333
"2124",2124,13.6942666666667
"2125",2125,18.5695233333333
"2126",2126,14.0491183333333
"2127",2127,7.87580666666666
"2128",2128,15.2330316666667
"2129",2129,16.296785
"2130",2130,9.70237
"2131",2131,8.18856833333332
"2132",2132,13.224855
"2133",2133,14.9390016666667
"2134",2134,6.85125833333333
"2135",2135,7.49946
"2136",2136,12.17725
"2137",2137,6.81484833333333
"2138",2138,8.79212833333333
"2139",2139,9.49006833333335
"2140",2140,12.39212
"2141",2141,12.696345
"2142",2142,7.53897999999999
"2143",2143,13.7904083333333
"2144",2144,15.8172366666667
"2145",2145,11.21524
"2146",2146,11.3596516666667
"2147",2147,13.2761233333333
"2148",2148,13.9276483333333
"2149",2149,9.63088333333333
"2150",2150,10.8455616666667
"2151",2151,13.728575
"2152",2152,6.84604
"2153",2153,7.75962666666666
"2154",2154,6.83625666666667
"2155",2155,16.0584
"2156",2156,8.028555
"2157",2157,16.3086616666667
"2158",2158,8.12874
"2159",2159,8.44326333333334
"2160",2160,11.3667366666667
"2161",2161,8.96923666666667
"2162",2162,16.1055
"2163",2163,9.36226333333333
"2164",2164,11.2829033333333
"2165",2165,15.5860383333333
"2166",2166,11.4942383333333
"2167",2167,10.99136
"2168",2168,16.3583416666667
"2169",2169,12.5787866666667
"2170",2170,10.5945466666667
"2171",2171,17.2351266666667
"2172",2172,8.797025
"2173",2173,12.6611183333333
"2174",2174,14.535595
"2175",2175,9.12128166666668
"2176",2176,7.595315
"2177",2177,10.4989516666667
"2178",2178,12.6000683333333
"2179",2179,8.450605
"2180",2180,16.3242933333333
"2181",2181,9.76580666666667
"2182",2182,17.3159033333333
"2183",2183,14.8868416666667
"2184",2184,11.8685616666667
"2185",2185,15.8391783333333
"2186",2186,6.62806666666667
"2187",2187,14.518455
"2188",2188,8.26864333333333
"2189",2189,8.11958
"2190",2190,10.21865
"2191",2191,9.434645
"2192",2192,14.528655
"2193",2193,10.68473
"2194",2194,14.3111783333333
"2195",2195,16.3098266666667
"2196",2196,11.8863983333333
"2197",2197,7.02196333333333
"2198",2198,8.76330166666666
"2199",2199,11.2042933333333
"2200",2200,7.36729333333333
"2201",2201,16.94663
"2202",2202,12.5356216666667
"2203",2203,12.0920283333333
"2204",2204,7.87189333333333
"2205",2205,13.7610883333333
"2206",2206,11.7797966666667
"2207",2207,15.9347516666667
"2208",2208,8.609175
"2209",2209,9.75946333333333
"2210",2210,8.03421333333333
"2211",2211,7.88488333333333
"2212",2212,8.49689499999999
"2213",2213,8.67447
"2214",2214,13.46618
"2215",2215,10.7295583333333
"2216",2216,9.01535333333333
"2217",2217,14.06123
"2218",2218,11.5550283333333
"2219",2219,16.1805616666667
"2220",2220,11.32098
"2221",2221,9.93993333333333
"2222",2222,8.29516
"2223",2223,15.36963
"2224",2224,9.90038166666667
"2225",2225,6.76344
"2226",2226,7.03710666666667
"2227",2227,16.059075
"2228",2228,17.2671716666667
"2229",2229,13.263005
"2230",2230,8.14519333333333
"2231",2231,8.61707
"2232",2232,9.55991833333334
"2233",2233,15.5612766666667
"2234",2234,6.83741333333333
"2235",2235,17.2801016666667
"2236",2236,7.57010666666667
"2237",2237,15.59873
"2238",2238,11.9025566666667
"2239",2239,8.196465
"2240",2240,10.3890266666667
"2241",2241,15.2745716666667
"2242",2242,11.8891366666667
"2243",2243,9.87305
"2244",2244,17.9358566666667
"2245",2245,16.9961316666667
"2246",2246,8.94293999999999
"2247",2247,13.2847483333333
"2248",2248,16.5609383333333
"2249",2249,19.0704516666667
"2250",2250,14.1059233333333
"2251",2251,12.9534516666667
"2252",2252,15.2635366666667
"2253",2253,12.594595
"2254",2254,10.1992183333333
"2255",2255,15.1396233333333
"2256",2256,14.4767366666667
"2257",2257,19.12587
"2258",2258,7.18399166666667
"2259",2259,15.8127916666667
"2260",2260,14.6996966666667
"2261",2261,9.371605
"2262",2262,14.01083
"2263",2263,14.7111966666667
"2264",2264,16.8008966666667
"2265",2265,7.36883
"2266",2266,16.6591533333333
"2267",2267,14.6578266666667
"2268",2268,14.6220166666667
"2269",2269,10.288635
"2270",2270,15.3191066666667
"2271",2271,13.0520733333333
"2272",2272,9.25028666666666
"2273",2273,18.4812366666667
"2274",2274,17.0118116666667
"2275",2275,15.5116283333333
"2276",2276,12.298645
"2277",2277,11.2463366666667
"2278",2278,16.7643933333333
"2279",2279,16.0739333333333
"2280",2280,12.8849866666667
"2281",2281,9.36662
"2282",2282,14.8633716666667
"2283",2283,13.0529216666667
"2284",2284,11.9783133333333
"2285",2285,9.82004333333333
"2286",2286,15.1667516666667
"2287",2287,18.11465
"2288",2288,10.8149983333333
"2289",2289,14.0549266666667
"2290",2290,13.041695
"2291",2291,7.67361833333333
"2292",2292,11.386325
"2293",2293,12.374645
"2294",2294,12.5318316666667
"2295",2295,9.73842
"2296",2296,14.2301083333333
"2297",2297,13.1664483333333
"2298",2298,15.978235
"2299",2299,10.6256416666667
"2300",2300,13.19444
"2301",2301,7.738165
"2302",2302,11.1754316666667
"2303",2303,13.26231
"2304",2304,7.73248666666667
"2305",2305,11.820815
"2306",2306,12.897525
"2307",2307,15.5657633333333
"2308",2308,9.32039333333333
"2309",2309,7.90265666666666
"2310",2310,12.2083216666667
"2311",2311,15.31323
"2312",2312,9.14377166666668
"2313",2313,9.99104333333333
"2314",2314,14.2335716666667
"2315",2315,14.8872316666667
"2316",2316,13.967535
"2317",2317,15.6323783333333
"2318",2318,12.3392533333333
"2319",2319,18.39547
"2320",2320,13.1934483333333
"2321",2321,14.6041566666667
"2322",2322,10.3427216666667
"2323",2323,12.916375
"2324",2324,13.361655
"2325",2325,14.5089533333333
"2326",2326,11.167505
"2327",2327,11.5369966666667
"2328",2328,12.75676
"2329",2329,14.2274
"2330",2330,16.6030683333333
"2331",2331,13.1009033333333
"2332",2332,13.8674333333333
"2333",2333,12.6678133333333
"2334",2334,11.1703483333333
"2335",2335,9.61260833333333
"2336",2336,14.6140316666667
"2337",2337,16.159365
"2338",2338,16.9846016666667
"2339",2339,16.02746
"2340",2340,9.79334833333333
"2341",2341,10.3723916666667
"2342",2342,9.98619500000001
"2343",2343,11.46822
"2344",2344,13.5566316666667
"2345",2345,13.4621616666667
"2346",2346,9.35974333333333
"2347",2347,10.7640966666667
"2348",2348,8.673045
"2349",2349,14.7374166666667
"2350",2350,13.3329383333333
"2351",2351,10.9734066666667
"2352",2352,11.8457
"2353",2353,13.4823016666667
"2354",2354,15.1126266666667
"2355",2355,16.72608
"2356",2356,14.2927616666667
"2357",2357,10.6236516666667
"2358",2358,15.2530433333333
"2359",2359,7.36039
"2360",2360,8.64681666666667
"2361",2361,10.9617533333333
"2362",2362,7.27221833333333
"2363",2363,13.925955
"2364",2364,14.6589183333333
"2365",2365,7.77848666666666
"2366",2366,12.33271
"2367",2367,12.8814433333333
"2368",2368,11.2936316666667
"2369",2369,16.3837766666667
"2370",2370,11.579465
"2371",2371,11.1189466666667
"2372",2372,17.4425566666667
"2373",2373,11.75072
"2374",2374,15.1502333333333
"2375",2375,7.46933499999999
"2376",2376,18.8968583333333
"2377",2377,10.8645416666667
"2378",2378,14.6969483333333
"2379",2379,7.40336666666667
"2380",2380,7.22446333333333
"2381",2381,12.8269616666667
"2382",2382,8.26168999999999
"2383",2383,12.4542483333333
"2384",2384,15.7929883333333
"2385",2385,12.1717733333333
"2386",2386,12.1730866666667
"2387",2387,9.778055
"2388",2388,13.6868433333333
"2389",2389,14.0800466666667
"2390",2390,17.392325
"2391",2391,18.2659233333333
"2392",2392,7.14555999999999
"2393",2393,16.30924
"2394",2394,13.3064
"2395",2395,9.61880833333334
"2396",2396,13.1196566666667
"2397",2397,11.389185
"2398",2398,17.5353533333333
"2399",2399,13.1155966666667
"2400",2400,9.79114666666666
"2401",2401,10.681685
"2402",2402,18.1249133333333
"2403",2403,14.5628283333333
"2404",2404,7.85154666666666
"2405",2405,17.1078933333333
"2406",2406,17.87457
"2407",2407,13.4507533333333
"2408",2408,15.01165
"2409",2409,7.47777
"2410",2410,15.473565
"2411",2411,7.852315
"2412",2412,14.812135
"2413",2413,7.57502333333333
"2414",2414,8.77817333333333
"2415",2415,15.107115
"2416",2416,15.6838366666667
"2417",2417,14.7470933333333
"2418",2418,8.60706666666667
"2419",2419,12.9393933333333
"2420",2420,13.30344
"2421",2421,15.789415
"2422",2422,16.9595416666667
"2423",2423,7.42737
"2424",2424,7.992345
"2425",2425,9.96557000000001
"2426",2426,10.976285
"2427",2427,13.041915
"2428",2428,9.614255
"2429",2429,16.7703083333333
"2430",2430,9.71618666666666
"2431",2431,14.6132816666667
"2432",2432,14.1441933333333
"2433",2433,20.21557
"2434",2434,14.43128
"2435",2435,9.4489
"2436",2436,16.3395883333333
"2437",2437,9.22697666666666
"2438",2438,12.66263
"2439",2439,17.3349216666667
"2440",2440,9.08472166666666
"2441",2441,8.12199
"2442",2442,11.6660716666667
"2443",2443,11.6982516666667
"2444",2444,14.24781
"2445",2445,13.7587816666667
"2446",2446,10.0463066666667
"2447",2447,14.2842466666667
"2448",2448,7.41706
"2449",2449,14.35158
"2450",2450,11.7635483333333
"2451",2451,15.6083983333333
"2452",2452,13.7334016666667
"2453",2453,12.0092283333333
"2454",2454,11.234935
"2455",2455,7.64194
"2456",2456,12.307125
"2457",2457,13.072475
"2458",2458,12.9222983333333
"2459",2459,14.0338383333333
"2460",2460,16.29659
"2461",2461,15.1016433333333
"2462",2462,13.8565816666667
"2463",2463,11.38553
"2464",2464,15.9185566666667
"2465",2465,11.4078416666667
"2466",2466,13.1760533333333
"2467",2467,13.954115
"2468",2468,9.10778333333333
"2469",2469,13.0253633333333
"2470",2470,17.3713666666667
"2471",2471,7.08269833333333
"2472",2472,15.3460116666667
"2473",2473,12.7788183333333
"2474",2474,9.66615833333334
"2475",2475,16.1013316666667
"2476",2476,7.85298333333333
"2477",2477,11.0238033333333
"2478",2478,9.91146166666667
"2479",2479,13.882825
"2480",2480,14.2079266666667
"2481",2481,18.406985
"2482",2482,11.747585
"2483",2483,16.5825916666667
"2484",2484,9.92304
"2485",2485,16.6813166666667
"2486",2486,13.8065633333333
"2487",2487,13.9262283333333
"2488",2488,12.7035716666667
"2489",2489,13.4060366666667
"2490",2490,10.87405
"2491",2491,10.20827
"2492",2492,8.16536666666667
"2493",2493,7.89720666666666
"2494",2494,10.8030583333333
"2495",2495,8.713545
"2496",2496,14.6194233333333
"2497",2497,13.5880883333333
"2498",2498,9.73181333333333
"2499",2499,13.9069133333333
"2500",2500,14.17589
"2501",2501,15.59716
"2502",2502,15.8052166666667
"2503",2503,13.3636866666667
"2504",2504,8.91587333333333
"2505",2505,13.4513433333333
"2506",2506,12.29882
"2507",2507,10.1713216666667
"2508",2508,13.4542216666667
"2509",2509,13.5433483333333
"2510",2510,17.7294733333333
"2511",2511,9.07561000000001
"2512",2512,11.3736766666667
"2513",2513,7.85587333333333
"2514",2514,10.2684383333333
"2515",2515,9.66291
"2516",2516,16.2753666666667
"2517",2517,13.9745933333333
"2518",2518,19.0002
"2519",2519,17.423295
"2520",2520,12.61884
"2521",2521,16.8118083333333
"2522",2522,14.2477466666667
"2523",2523,14.6438333333333
"2524",2524,7.61595166666667
"2525",2525,10.9242516666667
"2526",2526,13.8323333333333
"2527",2527,11.0753516666667
"2528",2528,16.8980366666667
"2529",2529,12.068805
"2530",2530,12.93739
"2531",2531,8.71278333333333
"2532",2532,13.8678516666667
"2533",2533,11.2819833333333
"2534",2534,12.3574983333333
"2535",2535,11.9677933333333
"2536",2536,11.0052516666667
"2537",2537,7.48214666666667
"2538",2538,12.9846766666667
"2539",2539,12.7461083333333
"2540",2540,10.6317916666667
"2541",2541,10.572095
"2542",2542,11.218325
"2543",2543,12.6413083333333
"2544",2544,8.49881666666666
"2545",2545,13.21661
"2546",2546,13.94415
"2547",2547,8.23440833333333
"2548",2548,15.2274183333333
"2549",2549,19.0030666666667
"2550",2550,14.00892
"2551",2551,14.97057
"2552",2552,11.332505
"2553",2553,13.6688766666667
"2554",2554,7.45090333333333
"2555",2555,10.07055
"2556",2556,9.51661166666667
"2557",2557,13.3871016666667
"2558",2558,10.46777
"2559",2559,14.0322133333333
"2560",2560,8.83413
"2561",2561,8.267825
"2562",2562,7.21365333333333
"2563",2563,9.44943666666666
"2564",2564,12.8807866666667
"2565",2565,6.95289
"2566",2566,10.4999216666667
"2567",2567,15.62762
"2568",2568,10.1161866666667
"2569",2569,8.37748666666666
"2570",2570,13.2322483333333
"2571",2571,15.5752866666667
"2572",2572,10.57779
"2573",2573,8.83253
"2574",2574,11.6023533333333
"2575",2575,10.7477616666667
"2576",2576,7.94841333333333
"2577",2577,12.348165
"2578",2578,11.397405
"2579",2579,10.17998
"2580",2580,8.61281166666666
"2581",2581,11.681865
"2582",2582,9.77723166666666
"2583",2583,9.994975
"2584",2584,12.0564066666667
"2585",2585,15.63872
"2586",2586,7.66383833333333
"2587",2587,16.72044
"2588",2588,7.655415
"2589",2589,14.4040633333333
"2590",2590,10.1583983333333
"2591",2591,8.93660999999999
"2592",2592,13.8602066666667
"2593",2593,12.373505
"2594",2594,9.35254166666667
"2595",2595,15.8724216666667
"2596",2596,14.0143683333333
"2597",2597,12.67081
"2598",2598,12.56318
"2599",2599,17.4042216666667
"2600",2600,13.1141833333333
"2601",2601,12.2783583333333
"2602",2602,8.96495333333333
"2603",2603,11.2919366666667
"2604",2604,12.1868683333333
"2605",2605,13.3501983333333
"2606",2606,13.0705616666667
"2607",2607,13.0019066666667
"2608",2608,12.6925233333333
"2609",2609,13.154965
"2610",2610,16.7482866666667
"2611",2611,13.168215
"2612",2612,15.9882716666667
"2613",2613,16.623935
"2614",2614,14.22818
"2615",2615,11.615525
"2616",2616,6.72692166666667
"2617",2617,13.1516566666667
"2618",2618,8.34131666666666
"2619",2619,14.55267
"2620",2620,16.9686316666667
"2621",2621,15.5514483333333
"2622",2622,11.6690333333333
"2623",2623,14.8903466666667
"2624",2624,9.0775
"2625",2625,12.21332
"2626",2626,17.75103
"2627",2627,15.5349083333333
"2628",2628,7.23277833333333
"2629",2629,13.66994
"2630",2630,11.0276483333333
"2631",2631,8.49126166666667
"2632",2632,7.79593833333333
"2633",2633,14.8814333333333
"2634",2634,14.88453
"2635",2635,7.88073833333333
"2636",2636,13.5007116666667
"2637",2637,9.58755
"2638",2638,9.29351333333333
"2639",2639,6.80949833333333
"2640",2640,15.2151816666667
"2641",2641,12.0994316666667
"2642",2642,11.2527933333333
"2643",2643,16.8576866666667
"2644",2644,10.38865
"2645",2645,17.208565
"2646",2646,13.4654766666667
"2647",2647,12.0686766666667
"2648",2648,13.2824583333333
"2649",2649,13.7157616666667
"2650",2650,9.01923833333333
"2651",2651,12.9275883333333
"2652",2652,19.1241516666667
"2653",2653,9.08507166666666
"2654",2654,13.05715
"2655",2655,11.48168
"2656",2656,8.26527333333333
"2657",2657,15.2084933333333
"2658",2658,10.830705
"2659",2659,9.34700166666667
"2660",2660,15.0369033333333
"2661",2661,7.18395166666667
"2662",2662,12.76437
"2663",2663,8.44942833333333
"2664",2664,8.08836833333333
"2665",2665,11.4016683333333
"2666",2666,7.95699833333333
"2667",2667,16.4242933333333
"2668",2668,14.121215
"2669",2669,14.13864
"2670",2670,9.85186333333334
"2671",2671,12.0628683333333
"2672",2672,17.9729333333333
"2673",2673,18.970345
"2674",2674,8.41326833333333
"2675",2675,16.6002183333333
"2676",2676,9.85503333333333
"2677",2677,14.0929966666667
"2678",2678,15.5877516666667
"2679",2679,15.5867116666667
"2680",2680,16.57557
"2681",2681,11.9472783333333
"2682",2682,10.25673
"2683",2683,14.9979283333333
"2684",2684,12.4867033333333
"2685",2685,7.34828333333333
"2686",2686,12.5960683333333
"2687",2687,7.79343833333333
"2688",2688,11.6854983333333
"2689",2689,7.22971166666667
"2690",2690,13.943035
"2691",2691,7.13031
"2692",2692,9.48499833333333
"2693",2693,11.85021
"2694",2694,12.6535533333333
"2695",2695,13.29674
"2696",2696,10.12629
"2697",2697,17.5454283333333
"2698",2698,15.3158233333333
"2699",2699,11.9008633333333
"2700",2700,15.3882233333333
"2701",2701,16.537245
"2702",2702,13.4480866666667
"2703",2703,10.7486033333333
"2704",2704,11.7195866666667
"2705",2705,13.1655833333333
"2706",2706,7.74816
"2707",2707,13.1761033333333
"2708",2708,9.382115
"2709",2709,15.7871016666667
"2710",2710,10.1855216666667
"2711",2711,12.6083233333333
"2712",2712,9.62427166666667
"2713",2713,10.1679983333333
"2714",2714,18.0095233333333
"2715",2715,11.2362466666667
"2716",2716,8.83743666666667
"2717",2717,9.18269166666667
"2718",2718,12.3633166666667
"2719",2719,9.67762666666666
"2720",2720,11.2786266666667
"2721",2721,15.7306933333333
"2722",2722,16.4349583333333
"2723",2723,17.435195
"2724",2724,17.8647483333333
"2725",2725,16.824645
"2726",2726,15.70088
"2727",2727,8.44342833333333
"2728",2728,14.1001383333333
"2729",2729,14.0984833333333
"2730",2730,12.0520566666667
"2731",2731,16.5690116666667
"2732",2732,12.30448
"2733",2733,15.2954033333333
"2734",2734,9.70673333333333
"2735",2735,14.9545333333333
"2736",2736,10.737655
"2737",2737,13.610145
"2738",2738,7.8616
"2739",2739,9.55722666666666
"2740",2740,10.50549
"2741",2741,7.66696666666666
"2742",2742,16.137745
"2743",2743,8.807875
"2744",2744,8.08748166666666
"2745",2745,13.6563683333333
"2746",2746,12.8606416666667
"2747",2747,7.35032833333333
"2748",2748,8.84083666666667
"2749",2749,13.1290933333333
"2750",2750,13.1182133333333
"2751",2751,16.3176183333333
"2752",2752,10.4588716666667
"2753",2753,8.79213166666666
"2754",2754,14.9431066666667
"2755",2755,12.1216533333333
"2756",2756,14.2228283333333
"2757",2757,7.717415
"2758",2758,7.827185
"2759",2759,6.68188
"2760",2760,14.6865783333333
"2761",2761,19.9882266666667
"2762",2762,8.59433666666666
"2763",2763,14.1409733333333
"2764",2764,8.04218833333333
"2765",2765,15.43746
"2766",2766,7.90993666666667
"2767",2767,9.91096
"2768",2768,17.2897366666667
"2769",2769,17.6488233333333
"2770",2770,12.1215516666667
"2771",2771,6.64783666666667
"2772",2772,15.04496
"2773",2773,12.352035
"2774",2774,7.52563166666667
"2775",2775,12.4091016666667
"2776",2776,15.0682916666667
"2777",2777,14.4364433333333
"2778",2778,10.0413866666667
"2779",2779,11.527205
"2780",2780,7.63043
"2781",2781,7.64169499999999
"2782",2782,15.9546566666667
"2783",2783,13.85573
"2784",2784,9.16866333333333
"2785",2785,15.639155
"2786",2786,16.6401133333333
"2787",2787,8.45133666666666
"2788",2788,15.5033433333333
"2789",2789,13.2476383333333
"2790",2790,7.52925333333333
"2791",2791,18.3268383333333
"2792",2792,10.9053633333333
"2793",2793,9.20231333333333
"2794",2794,16.54375
"2795",2795,7.80805
"2796",2796,11.9691583333333
"2797",2797,11.5063733333333
"2798",2798,9.11396666666666
"2799",2799,7.13181833333333
"2800",2800,14.50749
"2801",2801,11.9597133333333
"2802",2802,11.7055833333333
"2803",2803,10.396055
"2804",2804,7.59836
"2805",2805,14.9807683333333
"2806",2806,11.9152266666667
"2807",2807,10.77901
"2808",2808,16.6207633333333
"2809",2809,9.15094499999999
"2810",2810,8.51846166666667
"2811",2811,9.84354833333333
"2812",2812,19.1317483333333
"2813",2813,18.7094666666667
"2814",2814,8.93258666666666
"2815",2815,17.925725
"2816",2816,16.19176
"2817",2817,12.1528416666667
"2818",2818,14.065155
"2819",2819,10.1321533333333
"2820",2820,10.2121333333333
"2821",2821,11.7303983333333
"2822",2822,15.0952983333333
"2823",2823,11.6305483333333
"2824",2824,11.47683
"2825",2825,10.4693516666667
"2826",2826,12.07738
"2827",2827,10.51848
"2828",2828,10.7754033333333
"2829",2829,11.83189
"2830",2830,17.9464933333333
"2831",2831,11.428155
"2832",2832,13.7225333333333
"2833",2833,14.8677566666667
"2834",2834,12.8024616666667
"2835",2835,10.8490766666667
"2836",2836,14.2603833333333
"2837",2837,7.43457166666667
"2838",2838,14.4284066666667
"2839",2839,6.75790833333333
"2840",2840,12.1057666666667
"2841",2841,16.01722
"2842",2842,15.9720316666667
"2843",2843,18.5810616666667
"2844",2844,11.6158366666667
"2845",2845,14.5953016666667
"2846",2846,16.241915
"2847",2847,9.88863499999999
"2848",2848,7.55589333333333
"2849",2849,7.318095
"2850",2850,13.5514883333333
"2851",2851,8.45137333333333
"2852",2852,13.3288383333333
"2853",2853,14.7669966666667
"2854",2854,12.87807
"2855",2855,15.3652083333333
"2856",2856,8.46148833333333
"2857",2857,11.279155
"2858",2858,13.828735
"2859",2859,8.535455
"2860",2860,17.104165
"2861",2861,15.0826016666667
"2862",2862,15.4634166666667
"2863",2863,11.19685
"2864",2864,13.98709
"2865",2865,6.88517833333333
"2866",2866,11.1983133333333
"2867",2867,12.028725
"2868",2868,10.90727
"2869",2869,9.03402666666666
"2870",2870,9.864965
"2871",2871,11.514015
"2872",2872,13.517305
"2873",2873,10.1266616666667
"2874",2874,12.8114733333333
"2875",2875,7.117565
"2876",2876,11.7168083333333
"2877",2877,8.56607666666667
"2878",2878,8.47559333333333
"2879",2879,16.12619
"2880",2880,9.124555
"2881",2881,18.135485
"2882",2882,17.4651933333333
"2883",2883,18.2154283333333
"2884",2884,9.64743166666666
"2885",2885,13.0226883333333
"2886",2886,17.6897933333333
"2887",2887,14.2117983333333
"2888",2888,12.2164366666667
"2889",2889,19.1710116666666
"2890",2890,13.7045166666667
"2891",2891,11.3566166666667
"2892",2892,8.21227499999999
"2893",2893,10.708455
"2894",2894,16.3193083333333
"2895",2895,8.26019166666667
"2896",2896,15.1804966666667
"2897",2897,13.1902416666667
"2898",2898,17.10016
"2899",2899,14.3406383333333
"2900",2900,11.8669016666667
"2901",2901,10.7758016666667
"2902",2902,13.9877266666667
"2903",2903,9.77540166666666
"2904",2904,13.5510833333333
"2905",2905,9.85648166666667
"2906",2906,10.1684116666667
"2907",2907,10.1728316666667
"2908",2908,11.1506683333333
"2909",2909,19.1057866666667
"2910",2910,6.801205
"2911",2911,16.9284066666667
"2912",2912,7.676155
"2913",2913,14.9644666666667
"2914",2914,14.2097366666667
"2915",2915,13.8472333333333
"2916",2916,13.6677866666667
"2917",2917,15.1071033333333
"2918",2918,8.97242
"2919",2919,12.309225
"2920",2920,11.9617533333333
"2921",2921,9.98604666666665
"2922",2922,18.9105683333333
"2923",2923,10.0735166666667
"2924",2924,14.2603083333333
"2925",2925,7.56019499999999
"2926",2926,9.266625
"2927",2927,13.4104583333333
"2928",2928,16.08637
"2929",2929,13.3005983333333
"2930",2930,8.76443166666667
"2931",2931,13.92165
"2932",2932,14.1710266666667
"2933",2933,9.76534666666666
"2934",2934,11.44578
"2935",2935,8.14046166666667
"2936",2936,12.8103683333333
"2937",2937,10.94108
"2938",2938,11.5718616666667
"2939",2939,19.3454466666667
"2940",2940,14.051395
"2941",2941,10.172035
"2942",2942,14.8143383333333
"2943",2943,15.9905416666667
"2944",2944,12.326195
"2945",2945,7.916145
"2946",2946,11.6913266666667
"2947",2947,11.9712033333333
"2948",2948,15.6945033333333
"2949",2949,7.902375
"2950",2950,10.8685366666667
"2951",2951,16.585935
"2952",2952,11.2453883333333
"2953",2953,6.87214333333333
"2954",2954,7.55925
"2955",2955,13.762095
"2956",2956,7.460165
"2957",2957,10.2852966666667
"2958",2958,8.24360833333333
"2959",2959,15.74133
"2960",2960,16.44966
"2961",2961,13.6479416666667
"2962",2962,12.040235
"2963",2963,8.96204999999999
"2964",2964,8.06575666666667
"2965",2965,11.8659
"2966",2966,11.44708
"2967",2967,14.5351
"2968",2968,6.967575
"2969",2969,9.25180666666667
"2970",2970,11.525915
"2971",2971,11.65516
"2972",2972,7.62607
"2973",2973,11.1268016666667
"2974",2974,14.8372733333333
"2975",2975,8.60334166666666
"2976",2976,13.91366
"2977",2977,10.0441183333333
"2978",2978,12.3611433333333
"2979",2979,8.36130499999999
"2980",2980,15.9957783333333
"2981",2981,12.94768
"2982",2982,12.49967
"2983",2983,7.351205
"2984",2984,12.0168366666667
"2985",2985,8.33732333333333
"2986",2986,15.9596983333333
"2987",2987,12.1124216666667
"2988",2988,14.0524
"2989",2989,14.23316
"2990",2990,7.20324333333333
"2991",2991,15.5890933333333
"2992",2992,15.5774383333333
"2993",2993,14.0905383333333
"2994",2994,8.35298833333333
"2995",2995,12.491515
"2996",2996,6.78503333333333
"2997",2997,12.25565
"2998",2998,9.65142499999999
"2999",2999,6.881525
"3000",3000,11.497265
"3001",3001,12.6269383333333
"3002",3002,8.357325
"3003",3003,6.686215
"3004",3004,11.88251
"3005",3005,13.2089066666667
"3006",3006,10.745515
"3007",3007,15.5171833333333
"3008",3008,7.29389333333333
"3009",3009,8.57364666666667
"3010",3010,14.2461666666667
"3011",3011,13.2376333333333
"3012",3012,17.6862716666667
"3013",3013,10.12506
"3014",3014,7.75808666666666
"3015",3015,8.50339833333333
"3016",3016,16.469145
"3017",3017,12.7684066666667
"3018",3018,18.746905
"3019",3019,8.43990333333333
"3020",3020,7.15320833333333
"3021",3021,10.9665816666667
"3022",3022,11.0571133333333
"3023",3023,10.4385366666667
"3024",3024,15.5229216666667
"3025",3025,7.584085
"3026",3026,6.90260333333333
"3027",3027,11.91957
"3028",3028,13.6515466666667
"3029",3029,9.75548833333334
"3030",3030,18.3304
"3031",3031,16.86568
"3032",3032,10.0295066666667
"3033",3033,7.77045166666667
"3034",3034,9.35809833333335
"3035",3035,8.23906
"3036",3036,6.89900666666667
"3037",3037,10.9226683333333
"3038",3038,17.162785
"3039",3039,13.2438116666667
"3040",3040,7.99058
"3041",3041,16.0768766666667
"3042",3042,7.64535833333333
"3043",3043,11.0879783333333
"3044",3044,11.565935
"3045",3045,8.35875499999999
"3046",3046,11.1575866666667
"3047",3047,14.9184
"3048",3048,11.3887316666667
"3049",3049,8.71726
"3050",3050,17.45561
"3051",3051,10.59149
"3052",3052,10.71669
"3053",3053,15.4139316666667
"3054",3054,8.23075333333333
"3055",3055,11.53201
"3056",3056,15.1438566666667
"3057",3057,15.8424066666667
"3058",3058,11.8292683333333
"3059",3059,7.38889166666667
"3060",3060,14.4611233333333
"3061",3061,14.6558433333333
"3062",3062,10.797605
"3063",3063,11.5701583333333
"3064",3064,12.108125
"3065",3065,7.69843
"3066",3066,11.9238033333333
"3067",3067,16.18744
"3068",3068,10.28777
"3069",3069,14.2225866666667
"3070",3070,11.6214
"3071",3071,15.21799
"3072",3072,18.82941
"3073",3073,14.5168133333333
"3074",3074,10.9832433333333
"3075",3075,9.79806
"3076",3076,14.935275
"3077",3077,17.6655966666667
"3078",3078,12.86436
"3079",3079,11.5639333333333
"3080",3080,15.422795
"3081",3081,6.59949666666667
"3082",3082,19.4787516666667
"3083",3083,13.7830016666667
"3084",3084,12.4215733333333
"3085",3085,14.59408
"3086",3086,12.339275
"3087",3087,13.426315
"3088",3088,14.93127
"3089",3089,9.772395
"3090",3090,16.438775
"3091",3091,19.66677
"3092",3092,11.9065233333333
"3093",3093,15.8141683333333
"3094",3094,16.1671566666667
"3095",3095,11.6947583333333
"3096",3096,15.1432883333333
"3097",3097,9.52633333333333
"3098",3098,20.78516
"3099",3099,14.069055
"3100",3100,13.1031633333333
"3101",3101,7.73084166666666
"3102",3102,13.8771683333333
"3103",3103,12.2841083333333
"3104",3104,11.6088766666667
"3105",3105,15.9912016666667
"3106",3106,16.9426783333333
"3107",3107,9.57853499999999
"3108",3108,10.25983
"3109",3109,12.816635
"3110",3110,12.72228
"3111",3111,10.8966283333333
"3112",3112,16.8086933333333
"3113",3113,14.761175
"3114",3114,11.0617233333333
"3115",3115,8.281205
"3116",3116,9.56423
"3117",3117,10.7250116666667
"3118",3118,21.5153116666667
"3119",3119,15.87545
"3120",3120,10.892975
"3121",3121,10.9711616666667
"3122",3122,7.87069666666666
"3123",3123,15.3101183333333
"3124",3124,13.0620666666667
"3125",3125,18.8043366666667
"3126",3126,12.3551733333333
"3127",3127,15.9886783333333
"3128",3128,15.4368683333333
"3129",3129,8.71812833333333
"3130",3130,17.65314
"3131",3131,13.965665
"3132",3132,14.6870416666667
"3133",3133,18.0672616666667
"3134",3134,11.923835
"3135",3135,11.869445
"3136",3136,18.3173983333333
"3137",3137,9.74262
"3138",3138,7.64282666666666
"3139",3139,14.788665
"3140",3140,12.3451133333333
"3141",3141,18.4861516666667
"3142",3142,12.7671933333333
"3143",3143,15.893435
"3144",3144,15.9028133333333
"3145",3145,11.1247466666667
"3146",3146,11.1281016666667
"3147",3147,16.4853483333333
"3148",3148,6.72780666666667
"3149",3149,8.523015
"3150",3150,14.2562966666667
"3151",3151,9.26269333333333
"3152",3152,15.730245
"3153",3153,6.74822666666666
"3154",3154,17.60211
"3155",3155,9.49079333333333
"3156",3156,9.66976833333334
"3157",3157,15.4522016666667
"3158",3158,9.416025
"3159",3159,12.644275
"3160",3160,15.7061483333333
"3161",3161,15.1464383333333
"3162",3162,9.59599999999999
"3163",3163,9.72924833333333
"3164",3164,7.08868166666667
"3165",3165,13.5472766666667
"3166",3166,14.99857
"3167",3167,11.8478766666667
"3168",3168,18.1391183333333
"3169",3169,12.9688333333333
"3170",3170,11.2131916666667
"3171",3171,14.7914166666667
"3172",3172,16.26287
"3173",3173,15.391045
"3174",3174,12.6667166666667
"3175",3175,16.3484483333333
"3176",3176,8.737035
"3177",3177,13.8389766666667
"3178",3178,12.0138966666667
"3179",3179,13.725885
"3180",3180,15.480715
"3181",3181,18.219415
"3182",3182,8.79961333333333
"3183",3183,10.193155
"3184",3184,8.78774666666667
"3185",3185,16.0967383333333
"3186",3186,7.09934833333333
"3187",3187,11.8090616666667
"3188",3188,8.22639666666666
"3189",3189,14.3820833333333
"3190",3190,11.6931216666667
"3191",3191,6.91720666666667
"3192",3192,15.8271966666667
"3193",3193,10.5399816666667
"3194",3194,11.093205
"3195",3195,10.3304816666667
"3196",3196,11.0674266666667
"3197",3197,9.00174666666666
"3198",3198,15.5259066666667
"3199",3199,15.017195
"3200",3200,9.70639000000001
"3201",3201,13.822695
"3202",3202,14.6257133333333
"3203",3203,9.35462833333333
"3204",3204,19.1338616666667
"3205",3205,14.163295
"3206",3206,16.289075
"3207",3207,9.65684666666666
"3208",3208,15.3803883333333
"3209",3209,11.6901783333333
"3210",3210,9.81810666666667
"3211",3211,8.83826333333333
"3212",3212,16.9028283333333
"3213",3213,11.45196
"3214",3214,14.99545
"3215",3215,8.03037
"3216",3216,11.570855
"3217",3217,13.518195
"3218",3218,7.18379
"3219",3219,12.5950883333333
"3220",3220,16.6341366666667
"3221",3221,11.07799
"3222",3222,12.471525
"3223",3223,12.2023683333333
"3224",3224,11.4093683333333
"3225",3225,12.3242616666667
"3226",3226,8.621295
"3227",3227,17.4264083333333
"3228",3228,9.44678166666666
"3229",3229,13.1433783333333
"3230",3230,15.9837316666667
"3231",3231,6.86340333333333
"3232",3232,15.1665283333333
"3233",3233,11.1682616666667
"3234",3234,17.72354
"3235",3235,8.6088
"3236",3236,16.3552066666667
"3237",3237,15.4479
"3238",3238,11.3608
"3239",3239,15.5926616666667
"3240",3240,8.20037666666666
"3241",3241,17.983375
"3242",3242,9.00277166666666
"3243",3243,8.76367833333333
"3244",3244,10.0302133333333
"3245",3245,15.2906666666667
"3246",3246,13.9027333333333
"3247",3247,12.8522816666667
"3248",3248,9.91165833333334
"3249",3249,14.32536
"3250",3250,10.6409933333333
"3251",3251,10.7450233333333
"3252",3252,13.0177016666667
"3253",3253,6.844345
"3254",3254,13.8821233333333
"3255",3255,13.0791716666667
"3256",3256,8.76412000000001
"3257",3257,18.3551766666667
"3258",3258,12.77552
"3259",3259,7.69443
"3260",3260,12.3016083333333
"3261",3261,7.92885833333333
"3262",3262,11.81061
"3263",3263,15.2381216666667
"3264",3264,12.9733316666667
"3265",3265,15.8968816666667
"3266",3266,18.4829733333333
"3267",3267,18.4525733333333
"3268",3268,7.15450833333333
"3269",3269,16.8818783333333
"3270",3270,7.24614833333333
"3271",3271,15.714135
"3272",3272,8.64033666666666
"3273",3273,7.48200666666667
"3274",3274,13.536685
"3275",3275,7.028605
"3276",3276,12.5224833333333
"3277",3277,9.67751666666667
"3278",3278,9.92651833333334
"3279",3279,12.6854566666667
"3280",3280,10.3946733333333
"3281",3281,15.678325
"3282",3282,10.2839166666667
"3283",3283,13.4203783333333
"3284",3284,12.7169516666667
"3285",3285,12.7682766666667
"3286",3286,6.72079
"3287",3287,14.9775333333333
"3288",3288,16.7887316666667
"3289",3289,10.9829783333333
"3290",3290,12.1175633333333
"3291",3291,8.52343
"3292",3292,16.6489616666667
"3293",3293,7.691525
"3294",3294,15.91404
"3295",3295,11.0609116666667
"3296",3296,11.41493
"3297",3297,7.30823166666666
"3298",3298,13.47707
"3299",3299,11.1024366666667
"3300",3300,12.26204
"3301",3301,10.01103
"3302",3302,10.3145266666667
"3303",3303,14.1058
"3304",3304,8.78680666666667
"3305",3305,9.21504
"3306",3306,9.16348
"3307",3307,12.8827
"3308",3308,12.849965
"3309",3309,13.5740066666667
"3310",3310,13.3593433333333
"3311",3311,10.14001
"3312",3312,11.9861216666667
"3313",3313,15.489655
"3314",3314,12.88336
"3315",3315,13.5268433333333
"3316",3316,13.8215383333333
"3317",3317,11.6044033333333
"3318",3318,11.1518866666667
"3319",3319,15.4081733333333
"3320",3320,9.71546666666668
"3321",3321,19.5560833333333
"3322",3322,14.9094933333333
"3323",3323,8.287755
"3324",3324,11.1957116666667
"3325",3325,15.3944766666667
"3326",3326,9.49464833333333
"3327",3327,19.0172033333333
"3328",3328,17.0028383333333
"3329",3329,14.9546866666667
"3330",3330,14.2899566666667
"3331",3331,15.08497
"3332",3332,10.541705
"3333",3333,15.203865
"3334",3334,17.0465566666667
"3335",3335,13.351165
"3336",3336,10.23928
"3337",3337,12.94179
"3338",3338,10.182705
"3339",3339,8.83747833333334
"3340",3340,16.2043816666667
"3341",3341,7.587945
"3342",3342,10.7516533333333
"3343",3343,12.387605
"3344",3344,9.916435
"3345",3345,14.39614
"3346",3346,6.91773833333333
"3347",3347,15.6793383333333
"3348",3348,10.69918
"3349",3349,11.3328116666667
"3350",3350,9.30976666666666
"3351",3351,11.280305
"3352",3352,9.70234
"3353",3353,16.6856516666667
"3354",3354,10.4346033333333
"3355",3355,13.6368533333333
"3356",3356,15.6829266666667
"3357",3357,14.724125
"3358",3358,9.81720833333333
"3359",3359,13.3166866666667
"3360",3360,14.59088
"3361",3361,9.04544
"3362",3362,7.51640166666667
"3363",3363,15.1888066666667
"3364",3364,16.6160183333333
"3365",3365,16.895435
"3366",3366,15.9337416666667
"3367",3367,15.0179533333333
"3368",3368,16.25079
"3369",3369,7.32166166666666
"3370",3370,15.4260283333333
"3371",3371,15.34825
"3372",3372,13.9254216666667
"3373",3373,10.6315616666667
"3374",3374,14.3884433333333
"3375",3375,14.5556533333333
"3376",3376,13.522655
"3377",3377,14.7742883333333
"3378",3378,9.43180666666666
"3379",3379,16.6959033333333
"3380",3380,8.99838166666667
"3381",3381,13.7284066666667
"3382",3382,10.5569433333333
"3383",3383,8.13961833333333
"3384",3384,14.5914466666667
"3385",3385,16.791015
"3386",3386,8.41073333333333
"3387",3387,13.5949366666667
"3388",3388,11.401195
"3389",3389,12.4771683333333
"3390",3390,10.40433
"3391",3391,9.31102333333335
"3392",3392,10.9592833333333
"3393",3393,7.73766
"3394",3394,7.74906333333333
"3395",3395,10.0065316666667
"3396",3396,7.18194333333333
"3397",3397,13.8830366666667
"3398",3398,13.6963966666667
"3399",3399,11.7498566666667
"3400",3400,16.4334516666667
"3401",3401,7.465275
"3402",3402,11.3656183333333
"3403",3403,16.6336933333333
"3404",3404,14.6957566666667
"3405",3405,8.7069
"3406",3406,12.10498
"3407",3407,8.55564499999999
"3408",3408,11.6018033333333
"3409",3409,8.35776333333333
"3410",3410,10.8404516666667
"3411",3411,7.31658166666667
"3412",3412,12.1849066666667
"3413",3413,7.46675166666667
"3414",3414,11.26579
"3415",3415,18.1183983333333
"3416",3416,10.6369033333333
"3417",3417,16.6370833333333
"3418",3418,11.4181666666667
"3419",3419,11.022025
"3420",3420,8.98778166666666
"3421",3421,14.237135
"3422",3422,10.960205
"3423",3423,15.9061616666667
"3424",3424,14.0223083333333
"3425",3425,15.75327
"3426",3426,10.085225
"3427",3427,15.317755
"3428",3428,15.3452816666667
"3429",3429,9.95695833333335
"3430",3430,7.9191
"3431",3431,12.2813733333333
"3432",3432,7.345855
"3433",3433,9.06908
"3434",3434,11.9377833333333
"3435",3435,16.330175
"3436",3436,9.55882
"3437",3437,15.014525
"3438",3438,7.08049833333334
"3439",3439,11.5156516666667
"3440",3440,13.12676
"3441",3441,15.66608
"3442",3442,12.9269533333333
"3443",3443,18.0041066666667
"3444",3444,9.326225
"3445",3445,12.09286
"3446",3446,15.334845
"3447",3447,17.2442683333333
"3448",3448,9.71461833333335
"3449",3449,14.5454516666667
"3450",3450,14.695325
"3451",3451,14.7567483333333
"3452",3452,9.74779333333333
"3453",3453,9.67362000000001
"3454",3454,14.4829916666667
"3455",3455,8.07676833333333
"3456",3456,7.87539666666667
"3457",3457,14.98194
"3458",3458,15.3860583333333
"3459",3459,7.88764666666667
"3460",3460,13.07599
"3461",3461,16.472375
"3462",3462,13.5787266666667
"3463",3463,8.38758666666666
"3464",3464,8.33179
"3465",3465,13.4198516666667
"3466",3466,8.09839666666666
"3467",3467,10.1699233333333
"3468",3468,12.91014
"3469",3469,10.3506216666667
"3470",3470,14.1893633333333
"3471",3471,11.9865516666667
"3472",3472,12.7541216666667
"3473",3473,15.3811533333333
"3474",3474,13.79015
"3475",3475,9.26951166666667
"3476",3476,6.57284
"3477",3477,12.1679333333333
"3478",3478,10.4279266666667
"3479",3479,12.9388333333333
"3480",3480,18.5780383333333
"3481",3481,13.92203
"3482",3482,16.78968
"3483",3483,7.31031
"3484",3484,8.45426166666667
"3485",3485,9.72964833333333
"3486",3486,6.68175
"3487",3487,12.7033466666667
"3488",3488,10.889845
"3489",3489,8.59261333333333
"3490",3490,17.7331166666667
"3491",3491,6.92991166666666
"3492",3492,12.2601366666667
"3493",3493,8.22482333333333
"3494",3494,12.5575533333333
"3495",3495,11.5905016666667
"3496",3496,9.84948
"3497",3497,7.77628166666667
"3498",3498,9.02889833333333
"3499",3499,14.6229416666667
"3500",3500,13.670735
"3501",3501,13.9945116666667
"3502",3502,11.098115
"3503",3503,10.126755
"3504",3504,11.2735683333333
"3505",3505,12.3817433333333
"3506",3506,14.5813216666667
"3507",3507,7.75086333333333
"3508",3508,9.38920666666666
"3509",3509,12.3738433333333
"3510",3510,20.073045
"3511",3511,14.5713283333333
"3512",3512,10.5278283333333
"3513",3513,13.0048116666667
"3514",3514,11.6809166666667
"3515",3515,15.5429233333333
"3516",3516,13.7711433333333
"3517",3517,8.157345
"3518",3518,12.9849266666667
"3519",3519,9.15998666666666
"3520",3520,10.322625
"3521",3521,16.9895966666667
"3522",3522,13.7512183333333
"3523",3523,12.6680916666667
"3524",3524,16.2275766666667
"3525",3525,10.789385
"3526",3526,15.5407233333333
"3527",3527,7.83862666666666
"3528",3528,12.4319416666667
"3529",3529,14.5021716666667
"3530",3530,13.682125
"3531",3531,15.7969366666667
"3532",3532,16.0678566666667
"3533",3533,15.466225
"3534",3534,14.089075
"3535",3535,11.4452133333333
"3536",3536,15.1120733333333
"3537",3537,7.67387166666666
"3538",3538,12.0971866666667
"3539",3539,9.73887166666668
"3540",3540,9.80249833333333
"3541",3541,10.3792366666667
"3542",3542,13.2518516666667
"3543",3543,16.806105
"3544",3544,15.8804283333333
"3545",3545,13.1304366666667
"3546",3546,16.092115
"3547",3547,16.7283616666667
"3548",3548,20.1576616666667
"3549",3549,11.3581233333333
"3550",3550,8.50951833333333
"3551",3551,9.82659833333333
"3552",3552,7.39411833333333
"3553",3553,10.5673133333333
"3554",3554,7.53873166666666
"3555",3555,7.47917333333333
"3556",3556,10.7678283333333
"3557",3557,8.21435333333333
"3558",3558,7.30136
"3559",3559,15.460025
"3560",3560,7.84191833333333
"3561",3561,12.699115
"3562",3562,14.2115316666667
"3563",3563,9.85329333333334
"3564",3564,15.704645
"3565",3565,17.061355
"3566",3566,14.892875
"3567",3567,11.8735833333333
"3568",3568,15.1036216666667
"3569",3569,16.6560833333333
"3570",3570,9.90005333333333
"3571",3571,11.5416266666667
"3572",3572,13.3670516666667
"3573",3573,15.744115
"3574",3574,8.9025
"3575",3575,11.1064916666667
"3576",3576,9.27684166666667
"3577",3577,12.411865
"3578",3578,8.62736833333333
"3579",3579,15.1779216666667
"3580",3580,13.2113566666667
"3581",3581,10.6183366666667
"3582",3582,10.05321
"3583",3583,18.1426716666667
"3584",3584,14.0497883333333
"3585",3585,12.6021466666667
"3586",3586,8.159345
"3587",3587,8.262385
"3588",3588,11.0036916666667
"3589",3589,11.86645
"3590",3590,11.17976
"3591",3591,11.42973
"3592",3592,8.13490166666666
"3593",3593,10.633045
"3594",3594,15.8252283333333
"3595",3595,10.1875333333333
"3596",3596,14.2881483333333
"3597",3597,12.4933333333333
"3598",3598,11.0161666666667
"3599",3599,16.2681966666667
"3600",3600,11.3270533333333
"3601",3601,11.285015
"3602",3602,10.64553
"3603",3603,7.11255833333334
"3604",3604,9.68160166666667
"3605",3605,8.74219333333333
"3606",3606,14.324335
"3607",3607,12.2878533333333
"3608",3608,13.8012383333333
"3609",3609,10.4550783333333
"3610",3610,11.25809
"3611",3611,14.736685
"3612",3612,11.663465
"3613",3613,10.7604966666667
"3614",3614,12.66958
"3615",3615,14.8219816666667
"3616",3616,14.1380933333333
"3617",3617,17.4777183333333
"3618",3618,10.5190133333333
"3619",3619,13.7148533333333
"3620",3620,14.878115
"3621",3621,14.2008433333333
"3622",3622,7.33639166666667
"3623",3623,12.4119916666667
"3624",3624,12.2288616666667
"3625",3625,12.4771566666667
"3626",3626,11.6977683333333
"3627",3627,7.66032666666667
"3628",3628,15.9790283333333
"3629",3629,14.9057266666667
"3630",3630,9.039395
"3631",3631,11.2549816666667
"3632",3632,17.3031566666667
"3633",3633,13.5309816666667
"3634",3634,17.3652883333333
"3635",3635,11.5692833333333
"3636",3636,15.45767
"3637",3637,14.7041316666667
"3638",3638,10.1554616666667
"3639",3639,13.307325
"3640",3640,9.63622333333333
"3641",3641,15.6157466666667
"3642",3642,9.25941833333333
"3643",3643,14.9885266666667
"3644",3644,16.206935
"3645",3645,10.309125
"3646",3646,7.68174333333333
"3647",3647,10.91763
"3648",3648,10.2439933333333
"3649",3649,9.99854500000001
"3650",3650,12.4972983333333
"3651",3651,10.5121033333333
"3652",3652,16.1192783333333
"3653",3653,10.0117666666667
"3654",3654,8.34824666666666
"3655",3655,10.34592
"3656",3656,13.3741733333333
"3657",3657,12.17664
"3658",3658,15.5869116666667
"3659",3659,14.9590966666667
"3660",3660,11.001225
"3661",3661,7.62252
"3662",3662,11.9334383333333
"3663",3663,7.34904166666666
"3664",3664,18.0227216666667
"3665",3665,10.4906816666667
"3666",3666,15.4953233333333
"3667",3667,18.4038766666667
"3668",3668,7.155815
"3669",3669,7.13203
"3670",3670,19.8896633333333
"3671",3671,14.0384316666667
"3672",3672,11.655045
"3673",3673,17.3476316666667
"3674",3674,13.0918016666667
"3675",3675,10.8275616666667
"3676",3676,8.56457833333333
"3677",3677,12.1457483333333
"3678",3678,13.850465
"3679",3679,11.9337866666667
"3680",3680,15.9130633333333
"3681",3681,12.9033433333333
"3682",3682,10.8760566666667
"3683",3683,11.572465
"3684",3684,20.5997216666667
"3685",3685,10.092545
"3686",3686,13.601945
"3687",3687,9.28583666666667
"3688",3688,14.5750466666667
"3689",3689,8.140535
"3690",3690,9.82813333333334
"3691",3691,7.40406666666667
"3692",3692,16.985935
"3693",3693,9.65795166666666
"3694",3694,10.4231516666667
"3695",3695,10.523515
"3696",3696,16.9298783333333
"3697",3697,17.4377533333333
"3698",3698,11.3874333333333
"3699",3699,8.53346333333333
"3700",3700,11.9866983333333
"3701",3701,8.36079833333333
"3702",3702,15.4677683333333
"3703",3703,16.1547816666667
"3704",3704,15.9692433333333
"3705",3705,16.1912483333333
"3706",3706,6.86963333333333
"3707",3707,7.20155666666667
"3708",3708,11.8443633333333
"3709",3709,10.2398966666667
"3710",3710,16.77944
"3711",3711,10.8917666666667
"3712",3712,12.4992483333333
"3713",3713,12.04973
"3714",3714,12.8791833333333
"3715",3715,15.8851366666667
"3716",3716,7.64306333333333
"3717",3717,9.81936333333335
"3718",3718,17.7955433333333
"3719",3719,14.7439216666667
"3720",3720,14.2703716666667
"3721",3721,13.60538
"3722",3722,18.0232283333333
"3723",3723,10.49896
"3724",3724,18.3015966666667
"3725",3725,7.88358
"3726",3726,9.522845
"3727",3727,7.96037
"3728",3728,11.0769033333333
"3729",3729,12.0163383333333
"3730",3730,12.4649083333333
"3731",3731,13.8999066666667
"3732",3732,16.47556
"3733",3733,12.4833466666667
"3734",3734,13.9913883333333
"3735",3735,10.4686033333333
"3736",3736,17.71184
"3737",3737,13.2318266666667
"3738",3738,10.5611166666667
"3739",3739,8.63768166666666
"3740",3740,17.8474633333333
"3741",3741,19.3012433333333
"3742",3742,15.8755933333333
"3743",3743,10.364335
"3744",3744,12.7207516666667
"3745",3745,7.51428
"3746",3746,11.5035883333333
"3747",3747,15.000875
"3748",3748,13.0606566666667
"3749",3749,17.09364
"3750",3750,14.2872066666667
"3751",3751,10.8686666666667
"3752",3752,10.2567366666667
"3753",3753,12.5736883333333
"3754",3754,15.15698
"3755",3755,13.023435
"3756",3756,10.98677
"3757",3757,8.17215166666666
"3758",3758,10.39826
"3759",3759,13.9006166666667
"3760",3760,12.1246916666667
"3761",3761,15.0069216666667
"3762",3762,7.90634166666667
"3763",3763,10.0781833333333
"3764",3764,15.0179333333333
"3765",3765,13.047495
"3766",3766,17.6752033333333
"3767",3767,16.3109
"3768",3768,11.875875
"3769",3769,7.21099666666666
"3770",3770,10.1048083333333
"3771",3771,13.40235
"3772",3772,13.1137183333333
"3773",3773,11.2167516666667
"3774",3774,15.9563716666667
"3775",3775,10.1463833333333
"3776",3776,13.7382766666667
"3777",3777,15.1211133333333
"3778",3778,11.3740416666667
"3779",3779,8.89281999999999
"3780",3780,10.3215216666667
"3781",3781,14.5916633333333
"3782",3782,11.0343283333333
"3783",3783,16.6484433333333
"3784",3784,8.05663333333333
"3785",3785,15.222295
"3786",3786,13.542445
"3787",3787,10.7046183333333
"3788",3788,9.96472166666668
"3789",3789,14.8578133333333
"3790",3790,14.70206
"3791",3791,10.7994366666667
"3792",3792,13.5371816666667
"3793",3793,15.59665
"3794",3794,8.33263666666666
"3795",3795,10.334245
"3796",3796,13.076035
"3797",3797,15.7549166666667
"3798",3798,7.74620833333333
"3799",3799,16.0280766666667
"3800",3800,10.85394
"3801",3801,10.7769433333333
"3802",3802,11.7811316666667
"3803",3803,19.1221716666667
"3804",3804,16.8194833333333
"3805",3805,12.4537133333333
"3806",3806,7.867625
"3807",3807,15.528365
"3808",3808,7.65647333333333
"3809",3809,10.6441466666667
"3810",3810,8.00439166666667
"3811",3811,13.5070466666667
"3812",3812,12.6052966666667
"3813",3813,6.58291333333333
"3814",3814,7.14607166666667
"3815",3815,11.4109683333333
"3816",3816,13.62243
"3817",3817,7.64669833333333
"3818",3818,8.39134166666667
"3819",3819,8.21591333333333
"3820",3820,9.94896166666666
"3821",3821,15.1975666666667
"3822",3822,14.8603566666667
"3823",3823,14.548895
"3824",3824,16.8241
"3825",3825,16.0970283333333
"3826",3826,12.0127666666667
"3827",3827,14.280605
"3828",3828,16.2304266666667
"3829",3829,15.01805
"3830",3830,19.2196766666667
"3831",3831,14.7746816666667
"3832",3832,7.20223833333333
"3833",3833,15.8078816666667
"3834",3834,15.5816633333333
"3835",3835,10.982195
"3836",3836,15.3470183333333
"3837",3837,11.8527433333333
"3838",3838,10.9416566666667
"3839",3839,15.0805166666667
"3840",3840,14.3508283333333
"3841",3841,16.378065
"3842",3842,17.07391
"3843",3843,10.0672333333333
"3844",3844,9.2144
"3845",3845,17.8907416666667
"3846",3846,10.1747383333333
"3847",3847,8.11474333333333
"3848",3848,7.35613166666667
"3849",3849,11.3966283333333
"3850",3850,13.4012483333333
"3851",3851,12.8335833333333
"3852",3852,7.61038833333333
"3853",3853,17.8882816666667
"3854",3854,13.9693933333333
"3855",3855,10.1936
"3856",3856,7.09563
"3857",3857,8.30675333333333
"3858",3858,9.71478833333333
"3859",3859,10.203795
"3860",3860,14.7715883333333
"3861",3861,17.4121833333333
"3862",3862,14.0533533333333
"3863",3863,13.8421566666667
"3864",3864,13.4532266666667
"3865",3865,17.265445
"3866",3866,13.9603633333333
"3867",3867,13.5580933333333
"3868",3868,11.72111
"3869",3869,12.2960966666667
"3870",3870,14.9224833333333
"3871",3871,12.981505
"3872",3872,12.4471933333333
"3873",3873,8.82660166666666
"3874",3874,11.1914733333333
"3875",3875,14.7861483333333
"3876",3876,9.69972166666666
"3877",3877,10.53932
"3878",3878,11.56819
"3879",3879,15.2439283333333
"3880",3880,13.3061866666667
"3881",3881,13.9421583333333
"3882",3882,8.70225166666667
"3883",3883,13.5527266666667
"3884",3884,14.45189
"3885",3885,16.4927383333333
"3886",3886,13.0520666666667
"3887",3887,7.52222333333333
"3888",3888,9.31399000000001
"3889",3889,16.6193016666667
"3890",3890,8.57340499999999
"3891",3891,13.47671
"3892",3892,14.846925
"3893",3893,12.7718016666667
"3894",3894,14.4760033333333
"3895",3895,15.3788483333333
"3896",3896,11.8965733333333
"3897",3897,9.41291999999999
"3898",3898,11.9868783333333
"3899",3899,9.31681833333333
"3900",3900,18.4169116666667
"3901",3901,17.1590233333333
"3902",3902,15.2505783333333
"3903",3903,11.637745
"3904",3904,12.11032
"3905",3905,18.571315
"3906",3906,12.6875
"3907",3907,10.2805116666667
"3908",3908,7.31286166666667
"3909",3909,7.23312666666666
"3910",3910,7.10471499999999
"3911",3911,12.6299866666667
"3912",3912,9.67617
"3913",3913,16.134725
"3914",3914,13.4443116666667
"3915",3915,12.252335
"3916",3916,16.9430166666667
"3917",3917,13.1589083333333
"3918",3918,14.3672
"3919",3919,15.7627316666667
"3920",3920,7.57353166666666
"3921",3921,14.95239
"3922",3922,13.587435
"3923",3923,9.59902833333334
"3924",3924,8.56405666666666
"3925",3925,10.82319
"3926",3926,12.58726
"3927",3927,6.89692666666666
"3928",3928,6.76168666666667
"3929",3929,7.09196
"3930",3930,16.6478466666667
"3931",3931,9.46085666666667
"3932",3932,11.700125
"3933",3933,15.38934
"3934",3934,15.1285966666667
"3935",3935,14.754905
"3936",3936,17.3721883333333
"3937",3937,15.5340333333333
"3938",3938,7.33525
"3939",3939,12.92904
"3940",3940,14.8983616666667
"3941",3941,7.99011
"3942",3942,19.7897816666667
"3943",3943,13.7581833333333
"3944",3944,11.3911983333333
"3945",3945,7.71455
"3946",3946,14.6013166666667
"3947",3947,8.55486333333333
"3948",3948,12.4430866666667
"3949",3949,18.218355
"3950",3950,9.33166499999999
"3951",3951,12.2441383333333
"3952",3952,11.77774
"3953",3953,14.929155
"3954",3954,15.9835866666667
"3955",3955,11.1425016666667
"3956",3956,13.2023633333333
"3957",3957,9.39211333333333
"3958",3958,14.2377583333333
"3959",3959,9.06181833333333
"3960",3960,12.219135
"3961",3961,18.3556966666667
"3962",3962,14.7931866666667
"3963",3963,7.92889833333333
"3964",3964,11.630075
"3965",3965,12.268105
"3966",3966,11.6199566666667
"3967",3967,11.80673
"3968",3968,16.4028866666667
"3969",3969,10.68461
"3970",3970,15.9416116666667
"3971",3971,8.12087166666666
"3972",3972,15.8887633333333
"3973",3973,13.9717733333333
"3974",3974,9.48402666666666
"3975",3975,11.2406916666667
"3976",3976,12.0104
"3977",3977,11.6787933333333
"3978",3978,8.691285
"3979",3979,15.1002133333333
"3980",3980,12.2699583333333
"3981",3981,7.54648333333333
"3982",3982,12.0581583333333
"3983",3983,9.96811666666667
"3984",3984,17.178425
"3985",3985,13.0003433333333
"3986",3986,14.232955
"3987",3987,14.20509
"3988",3988,7.70150333333333
"3989",3989,12.2578766666667
"3990",3990,15.9647033333333
"3991",3991,8.67122166666667
"3992",3992,12.62482
"3993",3993,17.58236
"3994",3994,14.3200683333333
"3995",3995,8.05906666666666
"3996",3996,12.4505266666667
"3997",3997,17.1333483333333
"3998",3998,18.4262683333333
"3999",3999,12.9720433333333
"4000",4000,13.0487416666667
"4001",4001,9.692365
"4002",4002,14.40557
"4003",4003,10.8153216666667
"4004",4004,12.1890366666667
"4005",4005,9.85899166666668
"4006",4006,14.45257
"4007",4007,12.7774383333333
"4008",4008,16.2539133333333
"4009",4009,12.2654416666667
"4010",4010,11.7230516666667
"4011",4011,10.3112316666667
"4012",4012,15.1808233333333
"4013",4013,13.695605
"4014",4014,10.38176
"4015",4015,14.7250033333333
"4016",4016,13.9055166666667
"4017",4017,8.188945
"4018",4018,14.360925
"4019",4019,15.5411133333333
"4020",4020,13.2718383333333
"4021",4021,8.659165
"4022",4022,9.16609333333333
"4023",4023,13.67989
"4024",4024,7.530655
"4025",4025,11.6732733333333
"4026",4026,14.4882616666667
"4027",4027,16.3103983333333
"4028",4028,8.57121
"4029",4029,16.110235
"4030",4030,13.3394733333333
"4031",4031,15.5203966666667
"4032",4032,14.963135
"4033",4033,9.32806833333333
"4034",4034,11.5871583333333
"4035",4035,10.19669
"4036",4036,10.234315
"4037",4037,7.43491
"4038",4038,16.126945
"4039",4039,13.9449366666667
"4040",4040,8.61372333333333
"4041",4041,16.3838233333333
"4042",4042,14.6852316666667
"4043",4043,11.82719
"4044",4044,9.50834166666666
"4045",4045,11.990845
"4046",4046,15.1714133333333
"4047",4047,14.2595533333333
"4048",4048,17.0171583333333
"4049",4049,8.66155499999999
"4050",4050,7.22500666666667
"4051",4051,16.237755
"4052",4052,10.1576983333333
"4053",4053,13.2480616666667
"4054",4054,15.5345383333333
"4055",4055,13.03147
"4056",4056,15.859055
"4057",4057,12.1165316666667
"4058",4058,7.264525
"4059",4059,10.7739266666667
"4060",4060,10.3616416666667
"4061",4061,14.2088883333333
"4062",4062,16.9058933333333
"4063",4063,8.21802666666666
"4064",4064,17.0807166666667
"4065",4065,14.92085
"4066",4066,10.1176616666667
"4067",4067,15.5895716666667
"4068",4068,8.741605
"4069",4069,9.97063166666666
"4070",4070,10.5222716666667
"4071",4071,15.1388783333333
"4072",4072,9.91293666666666
"4073",4073,14.3350633333333
"4074",4074,13.9383433333333
"4075",4075,13.0894933333333
"4076",4076,16.34099
"4077",4077,8.77701999999999
"4078",4078,10.2588833333333
"4079",4079,14.29766
"4080",4080,14.2767016666667
"4081",4081,11.61421
"4082",4082,8.26287499999999
"4083",4083,7.11551999999999
"4084",4084,10.7727183333333
"4085",4085,16.8305416666667
"4086",4086,11.4815416666667
"4087",4087,12.4960816666667
"4088",4088,11.4004983333333
"4089",4089,11.1089366666667
"4090",4090,17.1537316666667
"4091",4091,13.22592
"4092",4092,7.43678833333334
"4093",4093,12.4318983333333
"4094",4094,12.0642183333333
"4095",4095,14.74955
"4096",4096,15.2479433333333
"4097",4097,14.22207
"4098",4098,15.7195983333333
"4099",4099,8.29037833333333
"4100",4100,18.4132266666667
"4101",4101,10.2824033333333
"4102",4102,14.8348383333333
"4103",4103,12.752565
"4104",4104,13.0389183333333
"4105",4105,12.717495
"4106",4106,16.5607083333333
"4107",4107,13.5064566666667
"4108",4108,14.0709983333333
"4109",4109,17.1787833333333
"4110",4110,16.42421
"4111",4111,14.154095
"4112",4112,10.3288733333333
"4113",4113,8.46975333333333
"4114",4114,14.74249
"4115",4115,13.8045083333333
"4116",4116,12.83155
"4117",4117,11.929955
"4118",4118,12.208885
"4119",4119,13.6518866666667
"4120",4120,16.317205
"4121",4121,14.02982
"4122",4122,19.7711116666667
"4123",4123,13.6239133333333
"4124",4124,8.38877666666666
"4125",4125,6.97649666666667
"4126",4126,12.5801683333333
"4127",4127,13.60493
"4128",4128,13.70735
"4129",4129,12.2307333333333
"4130",4130,10.6977216666667
"4131",4131,10.6380833333333
"4132",4132,8.15875166666666
"4133",4133,18.873095
"4134",4134,9.353135
"4135",4135,13.847715
"4136",4136,15.6941283333333
"4137",4137,13.3494416666667
"4138",4138,9.48052833333333
"4139",4139,11.38668
"4140",4140,14.462125
"4141",4141,14.823295
"4142",4142,12.338625
"4143",4143,11.6652216666667
"4144",4144,18.0515083333333
"4145",4145,10.0059333333333
"4146",4146,7.25740333333334
"4147",4147,7.16186166666666
"4148",4148,13.4542983333333
"4149",4149,9.64558000000002
"4150",4150,11.22514
"4151",4151,7.13541333333333
"4152",4152,15.14041
"4153",4153,7.04375833333334
"4154",4154,11.041825
"4155",4155,9.92363666666667
"4156",4156,11.6910116666667
"4157",4157,7.82173666666666
"4158",4158,14.5176716666667
"4159",4159,13.717805
"4160",4160,15.2407983333333
"4161",4161,12.2711166666667
"4162",4162,17.7286933333333
"4163",4163,11.421515
"4164",4164,11.0103166666667
"4165",4165,17.4438933333333
"4166",4166,14.2936116666667
"4167",4167,15.212235
"4168",4168,14.5065033333333
"4169",4169,16.5838533333333
"4170",4170,14.2433966666667
"4171",4171,8.04617333333333
"4172",4172,9.574435
"4173",4173,13.8483083333333
"4174",4174,12.3501483333333
"4175",4175,16.0264883333333
"4176",4176,16.4894683333333
"4177",4177,9.49672333333333
"4178",4178,11.2382766666667
"4179",4179,11.6067933333333
"4180",4180,15.41234
"4181",4181,10.31494
"4182",4182,8.56384666666666
"4183",4183,13.9673166666667
"4184",4184,10.9669166666667
"4185",4185,8.39985999999999
"4186",4186,14.2838133333333
"4187",4187,14.8363133333333
"4188",4188,15.5185316666667
"4189",4189,16.3817366666667
"4190",4190,11.7821966666667
"4191",4191,15.9358033333333
"4192",4192,9.48770999999999
"4193",4193,6.79899
"4194",4194,14.043935
"4195",4195,18.7623233333333
"4196",4196,13.7996333333333
"4197",4197,11.1475983333333
"4198",4198,9.78789833333333
"4199",4199,14.0581233333333
"4200",4200,14.3739583333333
"4201",4201,14.74404
"4202",4202,12.4749316666667
"4203",4203,16.529685
"4204",4204,13.8052
"4205",4205,13.69912
"4206",4206,13.2428116666667
"4207",4207,14.63992
"4208",4208,13.4001516666667
"4209",4209,11.0948983333333
"4210",4210,7.92777666666666
"4211",4211,7.88604166666666
"4212",4212,9.48644166666667
"4213",4213,11.1067666666667
"4214",4214,17.8214416666667
"4215",4215,13.5657316666667
"4216",4216,9.81394833333333
"4217",4217,8.76634666666667
"4218",4218,11.161255
"4219",4219,12.9401183333333
"4220",4220,14.4736433333333
"4221",4221,7.677855
"4222",4222,16.592895
"4223",4223,12.7409866666667
"4224",4224,12.4304333333333
"4225",4225,17.531305
"4226",4226,8.67339333333333
"4227",4227,8.90035166666666
"4228",4228,11.3127983333333
"4229",4229,11.4295033333333
"4230",4230,17.295355
"4231",4231,14.63375
"4232",4232,15.3378183333333
"4233",4233,13.8308633333333
"4234",4234,14.684065
"4235",4235,12.2264783333333
"4236",4236,12.9177966666667
"4237",4237,7.18119
"4238",4238,16.78264
"4239",4239,15.100525
"4240",4240,13.252505
"4241",4241,11.126175
"4242",4242,8.918865
"4243",4243,16.8642783333333
"4244",4244,13.90946
"4245",4245,12.44052
"4246",4246,12.5170883333333
"4247",4247,8.04324666666666
"4248",4248,9.383315
"4249",4249,10.5441366666667
"4250",4250,13.2886533333333
"4251",4251,10.8601833333333
"4252",4252,9.95949833333333
"4253",4253,15.1728466666667
"4254",4254,12.024705
"4255",4255,8.81734833333335
"4256",4256,18.0145083333333
"4257",4257,12.594555
"4258",4258,14.614595
"4259",4259,16.141765
"4260",4260,8.30099333333333
"4261",4261,15.9344133333333
"4262",4262,10.8571416666667
"4263",4263,9.20492499999999
"4264",4264,12.6604816666667
"4265",4265,15.1565683333333
"4266",4266,15.1062383333333
"4267",4267,11.01373
"4268",4268,10.9925183333333
"4269",4269,13.92982
"4270",4270,12.3369133333333
"4271",4271,9.75752333333333
"4272",4272,13.0215933333333
"4273",4273,10.64345
"4274",4274,6.872955
"4275",4275,11.1980583333333
"4276",4276,11.7972266666667
"4277",4277,6.73731333333333
"4278",4278,13.076475
"4279",4279,10.0644833333333
"4280",4280,14.244355
"4281",4281,11.794075
"4282",4282,10.6298616666667
"4283",4283,10.9225633333333
"4284",4284,17.3552966666667
"4285",4285,7.54975666666666
"4286",4286,11.4743433333333
"4287",4287,12.694635
"4288",4288,10.908475
"4289",4289,11.618245
"4290",4290,13.1570933333333
"4291",4291,8.04369666666666
"4292",4292,12.28922
"4293",4293,14.8746
"4294",4294,16.9219583333333
"4295",4295,18.2499766666667
"4296",4296,12.9623766666667
"4297",4297,10.88557
"4298",4298,9.29485833333334
"4299",4299,8.583995
"4300",4300,12.7361866666667
"4301",4301,13.6447216666667
"4302",4302,14.4111733333333
"4303",4303,9.59070833333334
"4304",4304,9.62066833333333
"4305",4305,17.6306683333333
"4306",4306,19.2294966666667
"4307",4307,7.58191833333333
"4308",4308,17.58405
"4309",4309,12.7211433333333
"4310",4310,12.81263
"4311",4311,10.3848166666667
"4312",4312,14.902105
"4313",4313,14.7900066666667
"4314",4314,9.17965333333333
"4315",4315,18.79517
"4316",4316,17.072905
"4317",4317,10.5226416666667
"4318",4318,15.2081166666667
"4319",4319,8.88696166666667
"4320",4320,10.2396216666667
"4321",4321,14.133325
"4322",4322,15.4023
"4323",4323,15.1387233333333
"4324",4324,14.3170116666667
"4325",4325,8.10427
"4326",4326,9.87105
"4327",4327,19.6629466666667
"4328",4328,10.1466516666667
"4329",4329,10.87459
"4330",4330,12.9379033333333
"4331",4331,17.0339733333333
"4332",4332,18.0972816666667
"4333",4333,14.8897483333333
"4334",4334,12.3987133333333
"4335",4335,17.857675
"4336",4336,12.2484966666667
"4337",4337,9.76967666666666
"4338",4338,9.22593333333334
"4339",4339,11.515325
"4340",4340,7.93453999999999
"4341",4341,20.0852683333333
"4342",4342,13.8399716666667
"4343",4343,11.2574883333333
"4344",4344,11.7410316666667
"4345",4345,9.28870833333333
"4346",4346,14.049215
"4347",4347,9.86108333333333
"4348",4348,7.73092
"4349",4349,7.44129333333333
"4350",4350,17.6677216666667
"4351",4351,11.8496883333333
"4352",4352,16.3751416666667
"4353",4353,14.7154766666667
"4354",4354,14.7082116666667
"4355",4355,9.98303333333333
"4356",4356,13.292015
"4357",4357,13.21539
"4358",4358,16.5002216666667
"4359",4359,15.445425
"4360",4360,8.36588166666666
"4361",4361,11.1490283333333
"4362",4362,12.130275
"4363",4363,17.272255
"4364",4364,13.9775916666667
"4365",4365,13.16949
"4366",4366,13.8363683333333
"4367",4367,8.517115
"4368",4368,16.240565
"4369",4369,8.22341
"4370",4370,15.577385
"4371",4371,18.432655
"4372",4372,8.37666333333333
"4373",4373,15.3285516666667
"4374",4374,9.030455
"4375",4375,8.19091166666666
"4376",4376,16.8777366666667
"4377",4377,7.968625
"4378",4378,12.0812366666667
"4379",4379,16.2887033333333
"4380",4380,9.46390333333333
"4381",4381,10.44497
"4382",4382,11.82403
"4383",4383,14.944895
"4384",4384,13.3990283333333
"4385",4385,18.9324483333333
"4386",4386,8.65213666666666
"4387",4387,19.091125
"4388",4388,10.0788566666667
"4389",4389,14.829245
"4390",4390,14.0274716666667
"4391",4391,17.1106066666667
"4392",4392,8.08361833333333
"4393",4393,8.64686333333333
"4394",4394,12.0987433333333
"4395",4395,10.8210516666667
"4396",4396,12.1755766666667
"4397",4397,15.3311516666667
"4398",4398,11.3439166666667
"4399",4399,13.2266066666667
"4400",4400,15.74459
"4401",4401,11.3855966666667
"4402",4402,11.9041316666667
"4403",4403,11.0607466666667
"4404",4404,16.7510833333333
"4405",4405,16.0167483333333
"4406",4406,16.93429
"4407",4407,15.0018016666667
"4408",4408,8.317455
"4409",4409,17.8755733333333
"4410",4410,11.532535
"4411",4411,11.551795
"4412",4412,13.1206516666667
"4413",4413,9.911945
"4414",4414,16.7543083333333
"4415",4415,10.8386583333333
"4416",4416,12.6012266666667
"4417",4417,14.4744483333333
"4418",4418,12.90681
"4419",4419,13.4230416666667
"4420",4420,16.993325
"4421",4421,13.29531
"4422",4422,16.0413133333333
"4423",4423,16.5762233333333
"4424",4424,13.1075316666667
"4425",4425,13.5633616666667
"4426",4426,15.0262566666667
"4427",4427,16.63154
"4428",4428,15.694215
"4429",4429,14.691415
"4430",4430,17.3662166666667
"4431",4431,13.4048816666667
"4432",4432,11.9266766666667
"4433",4433,16.31024
"4434",4434,10.0019916666667
"4435",4435,13.5228583333333
"4436",4436,7.53463
"4437",4437,9.44281000000002
"4438",4438,16.9212616666667
"4439",4439,12.7525866666667
"4440",4440,12.628685
"4441",4441,11.8679983333333
"4442",4442,7.60212666666666
"4443",4443,7.27908333333333
"4444",4444,18.4637216666667
"4445",4445,8.79392333333333
"4446",4446,9.09490833333333
"4447",4447,10.2952283333333
"4448",4448,14.4928883333333
"4449",4449,15.9694
"4450",4450,15.41322
"4451",4451,14.5421083333333
"4452",4452,14.656535
"4453",4453,12.2096133333333
"4454",4454,7.04746833333333
"4455",4455,8.03133666666666
"4456",4456,12.47629
"4457",4457,7.761065
"4458",4458,15.6907983333333
"4459",4459,17.50125
"4460",4460,11.762
"4461",4461,12.60936
"4462",4462,15.5232916666667
"4463",4463,10.2816916666667
"4464",4464,15.13398
"4465",4465,9.06482333333333
"4466",4466,7.59735666666666
"4467",4467,12.9114566666667
"4468",4468,11.2581983333333
"4469",4469,12.7618616666667
"4470",4470,14.8903083333333
"4471",4471,9.72528833333333
"4472",4472,11.388345
"4473",4473,14.95026
"4474",4474,15.49357
"4475",4475,16.8995266666667
"4476",4476,14.9724116666667
"4477",4477,12.6196016666667
"4478",4478,8.08883333333333
"4479",4479,16.9286533333333
"4480",4480,13.0325566666667
"4481",4481,18.5823466666667
"4482",4482,19.21502
"4483",4483,14.0174266666667
"4484",4484,9.69386833333333
"4485",4485,8.98969
"4486",4486,8.33938166666666
"4487",4487,13.6340833333333
"4488",4488,14.3857716666667
"4489",4489,11.22199
"4490",4490,9.35017
"4491",4491,8.00265
"4492",4492,12.3313766666667
"4493",4493,15.811635
"4494",4494,9.02677999999999
"4495",4495,12.463545
"4496",4496,13.2183233333333
"4497",4497,11.7463766666667
"4498",4498,14.7841283333333
"4499",4499,12.9578833333333
"4500",4500,9.29634833333333
"4501",4501,17.0992566666667
"4502",4502,12.6029
"4503",4503,9.32392
"4504",4504,14.13846
"4505",4505,16.834325
"4506",4506,9.11888333333333
"4507",4507,13.180315
"4508",4508,10.75635
"4509",4509,12.1466166666667
"4510",4510,17.2771833333333
"4511",4511,6.98636166666667
"4512",4512,16.1320516666667
"4513",4513,14.9456
"4514",4514,12.4090716666667
"4515",4515,18.467395
"4516",4516,9.89376833333333
"4517",4517,13.168765
"4518",4518,8.99418333333335
"4519",4519,12.6740616666667
"4520",4520,13.23566
"4521",4521,13.0035533333333
"4522",4522,12.4614033333333
"4523",4523,17.3902333333333
"4524",4524,13.1821183333333
"4525",4525,10.1844783333333
"4526",4526,10.090105
"4527",4527,17.51679
"4528",4528,15.220135
"4529",4529,19.49599
"4530",4530,15.124645
"4531",4531,16.45568
"4532",4532,16.0066283333333
"4533",4533,7.36963166666666
"4534",4534,16.5731733333333
"4535",4535,14.1483233333333
"4536",4536,10.24524
"4537",4537,9.711925
"4538",4538,14.430555
"4539",4539,7.602
"4540",4540,13.184225
"4541",4541,13.5427283333333
"4542",4542,10.1724716666667
"4543",4543,10.9481083333333
"4544",4544,14.4136066666667
"4545",4545,6.94297
"4546",4546,15.7162133333333
"4547",4547,17.9736916666667
"4548",4548,9.83809833333333
"4549",4549,16.858675
"4550",4550,11.3257766666667
"4551",4551,13.0480516666667
"4552",4552,11.7246133333333
"4553",4553,13.1124933333333
"4554",4554,11.21446
"4555",4555,12.9350366666667
"4556",4556,11.79354
"4557",4557,18.4662783333333
"4558",4558,13.9056633333333
"4559",4559,11.0304216666667
"4560",4560,16.60618
"4561",4561,9.752335
"4562",4562,10.34473
"4563",4563,15.314485
"4564",4564,10.56574
"4565",4565,11.00225
"4566",4566,8.19647166666666
"4567",4567,15.71887
"4568",4568,11.0006283333333
"4569",4569,9.231295
"4570",4570,9.33130333333333
"4571",4571,6.8131
"4572",4572,16.67634
"4573",4573,12.4421033333333
"4574",4574,18.7325883333333
"4575",4575,9.507075
"4576",4576,7.70940333333333
"4577",4577,7.95752333333333
"4578",4578,10.84473
"4579",4579,10.6418433333333
"4580",4580,10.6509933333333
"4581",4581,13.16488
"4582",4582,13.3736916666667
"4583",4583,15.45958
"4584",4584,15.4941566666667
"4585",4585,8.184
"4586",4586,13.0371683333333
"4587",4587,11.9587416666667
"4588",4588,10.0880683333333
"4589",4589,10.9056583333333
"4590",4590,11.5829566666667
"4591",4591,9.3831
"4592",4592,8.29970333333333
"4593",4593,13.8949866666667
"4594",4594,12.8831083333333
"4595",4595,16.6702533333333
"4596",4596,10.2095116666667
"4597",4597,16.1901366666667
"4598",4598,13.6022516666667
"4599",4599,10.0251966666667
"4600",4600,12.0943983333333
"4601",4601,11.34989
"4602",4602,16.1707383333333
"4603",4603,12.4646716666667
"4604",4604,8.79691833333333
"4605",4605,11.286735
"4606",4606,12.2545533333333
"4607",4607,15.77194
"4608",4608,11.9053466666667
"4609",4609,8.89329333333333
"4610",4610,15.2303716666667
"4611",4611,13.13877
"4612",4612,10.8098716666667
"4613",4613,10.0322583333333
"4614",4614,13.3053283333333
"4615",4615,8.63892833333334
"4616",4616,10.0086483333333
"4617",4617,13.0941033333333
"4618",4618,17.5413466666667
"4619",4619,15.9497066666667
"4620",4620,9.62610666666668
"4621",4621,8.22807166666666
"4622",4622,6.78742666666666
"4623",4623,12.7648383333333
"4624",4624,7.345975
"4625",4625,13.099825
"4626",4626,8.64800333333334
"4627",4627,14.52687
"4628",4628,7.52723666666667
"4629",4629,10.6256383333333
"4630",4630,21.06862
"4631",4631,13.9712766666667
"4632",4632,16.241955
"4633",4633,11.9059616666667
"4634",4634,18.986225
"4635",4635,16.3024116666667
"4636",4636,16.5538183333333
"4637",4637,10.7633316666667
"4638",4638,11.6269066666667
"4639",4639,6.80109333333333
"4640",4640,12.5973033333333
"4641",4641,11.0961766666667
"4642",4642,12.906275
"4643",4643,7.050795
"4644",4644,10.7994933333333
"4645",4645,9.43167500000002
"4646",4646,8.87234499999999
"4647",4647,10.647145
"4648",4648,14.8645216666667
"4649",4649,12.952295
"4650",4650,16.482645
"4651",4651,8.21425166666666
"4652",4652,13.4304716666667
"4653",4653,11.271765
"4654",4654,9.15873333333333
"4655",4655,12.5149033333333
"4656",4656,14.75026
"4657",4657,18.8417816666667
"4658",4658,16.642415
"4659",4659,8.72929333333333
"4660",4660,10.081955
"4661",4661,13.6267466666667
"4662",4662,9.12448833333334
"4663",4663,12.0080216666667
"4664",4664,17.0832883333333
"4665",4665,12.05124
"4666",4666,13.3814216666667
"4667",4667,8.66602
"4668",4668,6.93059833333333
"4669",4669,11.1412916666667
"4670",4670,7.83055
"4671",4671,14.0849733333333
"4672",4672,14.4763566666667
"4673",4673,13.9372366666667
"4674",4674,14.9369
"4675",4675,11.1676833333333
"4676",4676,16.976895
"4677",4677,6.86706166666666
"4678",4678,12.0829666666667
"4679",4679,16.7185383333333
"4680",4680,14.0023916666667
"4681",4681,12.1365566666667
"4682",4682,13.19914
"4683",4683,13.27534
"4684",4684,17.0837016666666
"4685",4685,13.3124616666667
"4686",4686,9.40765333333334
"4687",4687,9.63701
"4688",4688,10.2436016666667
"4689",4689,16.6633683333333
"4690",4690,13.3669783333333
"4691",4691,13.3773183333333
"4692",4692,13.4901916666667
"4693",4693,13.62741
"4694",4694,13.4199883333333
"4695",4695,14.4996616666667
"4696",4696,14.7506133333333
"4697",4697,14.70907
"4698",4698,11.01068
"4699",4699,20.733605
"4700",4700,8.51174
"4701",4701,13.2212966666667
"4702",4702,11.8893183333333
"4703",4703,17.0330616666667
"4704",4704,9.50819666666666
"4705",4705,7.02788666666667
"4706",4706,13.527085
"4707",4707,12.1783516666667
"4708",4708,12.6117383333333
"4709",4709,9.41713999999999
"4710",4710,16.5958933333333
"4711",4711,8.41850666666666
"4712",4712,9.06316999999999
"4713",4713,11.7843016666667
"4714",4714,16.6044783333333
"4715",4715,6.82487166666667
"4716",4716,14.4633583333333
"4717",4717,15.7755183333333
"4718",4718,12.6457283333333
"4719",4719,9.44044666666666
"4720",4720,10.6600266666667
"4721",4721,8.93494666666667
"4722",4722,9.66899499999999
"4723",4723,17.0873716666667
"4724",4724,11.3267783333333
"4725",4725,13.4041616666667
"4726",4726,13.9123866666667
"4727",4727,11.616185
"4728",4728,8.74752333333333
"4729",4729,14.303925
"4730",4730,11.6366533333333
"4731",4731,10.8504983333333
"4732",4732,19.039245
"4733",4733,11.5096083333333
"4734",4734,10.3594583333333
"4735",4735,11.9532616666667
"4736",4736,7.65748166666667
"4737",4737,7.67400833333333
"4738",4738,17.958445
"4739",4739,13.2887583333333
"4740",4740,13.37549
"4741",4741,12.10489
"4742",4742,14.5875216666667
"4743",4743,14.9895
"4744",4744,7.49136666666666
"4745",4745,14.677675
"4746",4746,9.52350666666666
"4747",4747,8.63484166666667
"4748",4748,11.4093333333333
"4749",4749,15.6417433333333
"4750",4750,9.87846999999999
"4751",4751,12.9926066666667
"4752",4752,16.5243066666667
"4753",4753,9.33361333333333
"4754",4754,13.1392683333333
"4755",4755,6.963585
"4756",4756,8.910585
"4757",4757,9.01447666666667
"4758",4758,12.2994583333333
"4759",4759,8.66882666666667
"4760",4760,9.77768333333334
"4761",4761,16.213845
"4762",4762,11.9770033333333
"4763",4763,14.8325966666667
"4764",4764,13.073325
"4765",4765,16.5982583333333
"4766",4766,11.72862
"4767",4767,10.70897
"4768",4768,13.2993
"4769",4769,11.8951516666667
"4770",4770,10.87075
"4771",4771,16.188325
"4772",4772,15.279075
"4773",4773,10.6778333333333
"4774",4774,7.11314333333334
"4775",4775,13.4961033333333
"4776",4776,14.17667
"4777",4777,15.91745
"4778",4778,11.9367816666667
"4779",4779,12.1587083333333
"4780",4780,7.12490166666667
"4781",4781,13.1993133333333
"4782",4782,14.7353416666667
"4783",4783,13.04026
"4784",4784,13.4646933333333
"4785",4785,12.1800833333333
"4786",4786,12.1277066666667
"4787",4787,18.243045
"4788",4788,15.977295
"4789",4789,7.98635
"4790",4790,8.223225
"4791",4791,15.249255
"4792",4792,19.3429116666667
"4793",4793,11.23214
"4794",4794,15.5721583333333
"4795",4795,17.16898
"4796",4796,16.09392
"4797",4797,10.5240516666667
"4798",4798,17.8329866666667
"4799",4799,14.5473533333333
"4800",4800,8.21663499999999
"4801",4801,19.4359766666667
"4802",4802,9.71489333333333
"4803",4803,7.50588333333333
"4804",4804,17.0972066666667
"4805",4805,6.6063
"4806",4806,8.23621333333333
"4807",4807,9.36005833333333
"4808",4808,16.7894316666667
"4809",4809,16.6076466666667
"4810",4810,8.167995
"4811",4811,15.495695
"4812",4812,7.07248833333333
"4813",4813,11.4591683333333
"4814",4814,11.8077083333333
"4815",4815,15.681625
"4816",4816,9.817075
"4817",4817,13.8170033333333
"4818",4818,9.10281
"4819",4819,7.12422833333333
"4820",4820,7.97294666666667
"4821",4821,15.1380633333333
"4822",4822,10.2737916666667
"4823",4823,8.16618999999999
"4824",4824,9.38283666666666
"4825",4825,12.59851
"4826",4826,8.634935
"4827",4827,8.56168166666666
"4828",4828,10.0822533333333
"4829",4829,11.5619383333333
"4830",4830,7.502235
"4831",4831,12.49015
"4832",4832,13.3254566666667
"4833",4833,13.3730016666667
"4834",4834,7.902875
"4835",4835,17.200105
"4836",4836,14.7883066666667
"4837",4837,13.4385116666667
"4838",4838,14.3705183333333
"4839",4839,10.71659
"4840",4840,11.9896483333333
"4841",4841,10.8773566666667
"4842",4842,18.2269566666667
"4843",4843,11.4153433333333
"4844",4844,12.0516033333333
"4845",4845,13.62828
"4846",4846,10.30752
"4847",4847,11.2257716666667
"4848",4848,11.3847783333333
"4849",4849,7.43454333333333
"4850",4850,8.15547333333333
"4851",4851,12.85847
"4852",4852,16.6735183333333
"4853",4853,8.88436333333333
"4854",4854,10.0092633333333
"4855",4855,17.069645
"4856",4856,12.9367716666667
"4857",4857,13.9213683333333
"4858",4858,12.0746266666667
"4859",4859,7.028355
"4860",4860,9.4709
"4861",4861,16.6509883333333
"4862",4862,14.0681683333333
"4863",4863,7.262715
"4864",4864,17.8388783333333
"4865",4865,13.4635933333333
"4866",4866,9.73728
"4867",4867,10.3224083333333
"4868",4868,14.1858966666667
"4869",4869,10.2920333333333
"4870",4870,7.62522333333333
"4871",4871,13.5562883333333
"4872",4872,10.3428783333333
"4873",4873,11.58018
"4874",4874,9.87547166666667
"4875",4875,10.0638533333333
"4876",4876,15.685415
"4877",4877,10.0938133333333
"4878",4878,7.058395
"4879",4879,16.2304966666667
"4880",4880,10.9622583333333
"4881",4881,11.0301733333333
"4882",4882,7.370885
"4883",4883,14.21932
"4884",4884,10.9422066666667
"4885",4885,14.5408216666667
"4886",4886,7.62096
"4887",4887,11.7657533333333
"4888",4888,19.2219383333333
"4889",4889,7.21262166666667
"4890",4890,8.17264666666667
"4891",4891,9.83097333333333
"4892",4892,13.4563766666667
"4893",4893,11.0099516666667
"4894",4894,18.895645
"4895",4895,11.8579783333333
"4896",4896,15.0425
"4897",4897,9.64904333333333
"4898",4898,12.93036
"4899",4899,10.8915583333333
"4900",4900,10.62503
"4901",4901,11.3497866666667
"4902",4902,12.644135
"4903",4903,15.600085
"4904",4904,16.8948816666667
"4905",4905,9.71480166666667
"4906",4906,10.3513683333333
"4907",4907,15.63446
"4908",4908,7.43203833333333
"4909",4909,9.20870333333334
"4910",4910,8.46607166666666
"4911",4911,15.760735
"4912",4912,9.98395333333333
"4913",4913,12.789825
"4914",4914,10.8862433333333
"4915",4915,13.9218116666667
"4916",4916,12.181115
"4917",4917,13.0780633333333
"4918",4918,17.8602433333333
"4919",4919,14.5350966666667
"4920",4920,16.18482
"4921",4921,18.181525
"4922",4922,15.7249583333333
"4923",4923,12.0365833333333
"4924",4924,16.1395766666667
"4925",4925,13.7914033333333
"4926",4926,13.6058733333333
"4927",4927,14.2981866666667
"4928",4928,14.1893666666667
"4929",4929,12.28793
"4930",4930,14.85979
"4931",4931,9.69294000000001
"4932",4932,13.4254566666667
"4933",4933,13.511025
"4934",4934,15.2101083333333
"4935",4935,7.06512
"4936",4936,12.1174266666667
"4937",4937,13.5884116666667
"4938",4938,8.24876666666666
"4939",4939,13.8114533333333
"4940",4940,16.089595
"4941",4941,11.6300066666667
"4942",4942,16.7114916666667
"4943",4943,19.6141216666667
"4944",4944,15.74425
"4945",4945,7.40563166666667
"4946",4946,10.42174
"4947",4947,8.31494333333333
"4948",4948,6.97138166666667
"4949",4949,11.0391583333333
"4950",4950,14.30824
"4951",4951,13.2093716666667
"4952",4952,12.39224
"4953",4953,17.79596
"4954",4954,13.3221216666667
"4955",4955,14.9641916666667
"4956",4956,8.89439666666666
"4957",4957,12.1687066666667
"4958",4958,9.76626000000001
"4959",4959,10.2507983333333
"4960",4960,12.2591683333333
"4961",4961,14.5586666666667
"4962",4962,12.877495
"4963",4963,13.7810216666667
"4964",4964,13.3092016666667
"4965",4965,9.81574833333334
"4966",4966,9.24152333333333
"4967",4967,7.81966833333333
"4968",4968,8.835715
"4969",4969,11.0811266666667
"4970",4970,13.4384816666667
"4971",4971,12.7373183333333
"4972",4972,8.19756833333333
"4973",4973,14.75378
"4974",4974,11.5762083333333
"4975",4975,18.1165366666667
"4976",4976,13.6673916666667
"4977",4977,11.7960883333333
"4978",4978,8.93017666666666
"4979",4979,9.56361833333333
"4980",4980,8.16580333333333
"4981",4981,11.3951766666667
"4982",4982,9.42957333333335
"4983",4983,18.26641
"4984",4984,11.5828283333333
"4985",4985,9.03781833333333
"4986",4986,18.4212383333333
"4987",4987,17.4044166666667
"4988",4988,9.62250166666666
"4989",4989,16.596245
"4990",4990,8.655755
"4991",4991,11.0650666666667
"4992",4992,8.78314666666667
"4993",4993,10.4003233333333
"4994",4994,16.6489566666667
"4995",4995,10.8060533333333
"4996",4996,12.7055083333333
"4997",4997,13.179285
"4998",4998,13.2187616666667
"4999",4999,11.74427
"5000",5000,7.60920166666667
"5001",5001,9.77227
"5002",5002,9.63168833333333
"5003",5003,12.9288133333333
"5004",5004,11.107005
"5005",5005,10.813595
"5006",5006,13.0903583333333
"5007",5007,10.98239
"5008",5008,9.42251833333333
"5009",5009,12.5913483333333
"5010",5010,16.97537
"5011",5011,13.6578466666667
"5012",5012,14.311685
"5013",5013,16.8196683333333
"5014",5014,12.6471
"5015",5015,7.07615166666667
"5016",5016,11.4302933333333
"5017",5017,12.6803766666667
"5018",5018,11.8391983333333
"5019",5019,8.93814333333333
"5020",5020,15.9396416666667
"5021",5021,11.08303
"5022",5022,15.9784566666667
"5023",5023,16.7349133333333
"5024",5024,7.10319833333333
"5025",5025,7.80432666666667
"5026",5026,12.7363566666667
"5027",5027,13.4506033333333
"5028",5028,16.2038416666667
"5029",5029,12.5360483333333
"5030",5030,7.06012833333333
"5031",5031,13.6748733333333
"5032",5032,17.8962766666667
"5033",5033,16.27858
"5034",5034,16.1163666666667
"5035",5035,9.14691
"5036",5036,17.218305
"5037",5037,10.42798
"5038",5038,8.12445666666666
"5039",5039,12.0474583333333
"5040",5040,15.3250516666667
"5041",5041,10.9491766666667
"5042",5042,10.5640816666667
"5043",5043,10.446425
"5044",5044,8.770505
"5045",5045,15.792455
"5046",5046,8.70075166666667
"5047",5047,10.7464316666667
"5048",5048,7.78810666666666
"5049",5049,14.32777
"5050",5050,7.74086333333333
"5051",5051,12.4625633333333
"5052",5052,12.4973916666667
"5053",5053,14.72974
"5054",5054,13.4660366666667
"5055",5055,7.98540833333334
"5056",5056,12.1232816666667
"5057",5057,11.55619
"5058",5058,15.5069016666667
"5059",5059,7.00092666666667
"5060",5060,8.81700333333333
"5061",5061,7.38654333333333
"5062",5062,12.2174016666667
"5063",5063,18.95334
"5064",5064,14.346365
"5065",5065,14.5901183333333
"5066",5066,11.9765733333333
"5067",5067,11.08972
"5068",5068,8.71204
"5069",5069,8.255635
"5070",5070,13.3631033333333
"5071",5071,12.933035
"5072",5072,17.8462016666667
"5073",5073,10.8726316666667
"5074",5074,15.5559016666667
"5075",5075,15.82879
"5076",5076,11.9622983333333
"5077",5077,7.00706333333333
"5078",5078,16.23476
"5079",5079,13.4752966666667
"5080",5080,14.639285
"5081",5081,12.0382416666667
"5082",5082,13.70014
"5083",5083,11.4339166666667
"5084",5084,14.2908966666667
"5085",5085,10.3262733333333
"5086",5086,18.7136533333333
"5087",5087,16.9151483333333
"5088",5088,12.2358083333333
"5089",5089,15.1797783333333
"5090",5090,8.90634666666668
"5091",5091,7.73049333333333
"5092",5092,8.27045
"5093",5093,11.8018616666667
"5094",5094,8.254785
"5095",5095,13.6445883333333
"5096",5096,8.083785
"5097",5097,15.949215
"5098",5098,11.6034266666667
"5099",5099,11.11109
"5100",5100,16.2039433333333
"5101",5101,15.4702433333333
"5102",5102,18.876725
"5103",5103,9.30154166666666
"5104",5104,9.96555666666666
"5105",5105,11.54701
"5106",5106,15.804915
"5107",5107,12.27279
"5108",5108,12.8464416666667
"5109",5109,16.25938
"5110",5110,16.4041983333333
"5111",5111,10.394355
"5112",5112,8.79920166666667
"5113",5113,11.6097433333333
"5114",5114,9.64270333333334
"5115",5115,11.972365
"5116",5116,13.41671
"5117",5117,11.5287416666667
"5118",5118,8.65059333333333
"5119",5119,8.52216
"5120",5120,11.7379
"5121",5121,7.27889833333333
"5122",5122,16.0959833333333
"5123",5123,13.9887666666667
"5124",5124,13.0247483333333
"5125",5125,16.491075
"5126",5126,14.32312
"5127",5127,18.27117
"5128",5128,10.17001
"5129",5129,17.80156
"5130",5130,9.89686000000001
"5131",5131,7.79314666666667
"5132",5132,14.428055
"5133",5133,7.427445
"5134",5134,15.9438416666667
"5135",5135,11.1460716666667
"5136",5136,10.8881183333333
"5137",5137,10.875735
"5138",5138,13.209495
"5139",5139,15.280765
"5140",5140,7.31087166666666
"5141",5141,13.077655
"5142",5142,11.8139533333333
"5143",5143,11.077765
"5144",5144,10.41126
"5145",5145,14.4004266666667
"5146",5146,10.51924
"5147",5147,14.66606
"5148",5148,15.9899666666667
"5149",5149,14.52704
"5150",5150,15.8715216666667
"5151",5151,7.94516666666666
"5152",5152,16.3949066666667
"5153",5153,9.17683833333333
"5154",5154,10.6116966666667
"5155",5155,14.733165
"5156",5156,12.36342
"5157",5157,11.1435833333333
"5158",5158,19.4615766666667
"5159",5159,15.26892
"5160",5160,12.2855033333333
"5161",5161,12.0735116666667
"5162",5162,18.2736633333333
"5163",5163,10.45227
"5164",5164,11.8491816666667
"5165",5165,16.0578066666667
"5166",5166,8.10446833333333
"5167",5167,17.9189516666667
"5168",5168,10.4856066666667
"5169",5169,8.18360833333333
"5170",5170,13.924185
"5171",5171,11.4134333333333
"5172",5172,8.22504333333333
"5173",5173,10.1613416666667
"5174",5174,14.63777
"5175",5175,11.5845866666667
"5176",5176,12.7746566666667
"5177",5177,8.71249666666666
"5178",5178,13.743555
"5179",5179,9.26007
"5180",5180,8.68871
"5181",5181,14.0622816666667
"5182",5182,8.25075666666666
"5183",5183,10.2693183333333
"5184",5184,7.50490166666666
"5185",5185,14.139075
"5186",5186,15.4736916666667
"5187",5187,9.87441666666667
"5188",5188,10.5740366666667
"5189",5189,7.97734166666666
"5190",5190,11.6436083333333
"5191",5191,9.40329333333334
"5192",5192,10.4622716666667
"5193",5193,10.8743783333333
"5194",5194,15.5915916666667
"5195",5195,15.4855966666667
"5196",5196,11.6643383333333
"5197",5197,15.0412983333333
"5198",5198,12.921945
"5199",5199,10.1344
"5200",5200,18.264955
"5201",5201,17.3656616666667
"5202",5202,19.0948016666667
"5203",5203,9.647055
"5204",5204,9.68278833333333
"5205",5205,9.31600166666666
"5206",5206,11.8200733333333
"5207",5207,13.9306283333333
"5208",5208,15.3471283333333
"5209",5209,16.2720933333333
"5210",5210,14.4784266666667
"5211",5211,8.42635166666667
"5212",5212,7.702085
"5213",5213,7.52872
"5214",5214,12.5209183333333
"5215",5215,16.580745
"5216",5216,16.5965533333333
"5217",5217,14.8245583333333
"5218",5218,14.5681066666667
"5219",5219,7.39519
"5220",5220,17.48809
"5221",5221,11.9136083333333
"5222",5222,15.2729683333333
"5223",5223,13.4714716666667
"5224",5224,8.37405
"5225",5225,8.59030833333333
"5226",5226,10.151685
"5227",5227,7.46669666666667
"5228",5228,16.5306
"5229",5229,10.178515
"5230",5230,11.5700766666667
"5231",5231,14.627675
"5232",5232,12.5544816666667
"5233",5233,18.5878883333333
"5234",5234,11.780375
"5235",5235,9.93321
"5236",5236,12.535855
"5237",5237,12.1942283333333
"5238",5238,17.666255
"5239",5239,10.3579383333333
"5240",5240,14.6721216666667
"5241",5241,15.9276166666667
"5242",5242,14.141925
"5243",5243,11.0688516666667
"5244",5244,13.8505516666667
"5245",5245,6.87535833333333
"5246",5246,11.6948
"5247",5247,16.8457816666667
"5248",5248,12.3185683333333
"5249",5249,10.21024
"5250",5250,13.2055783333333
"5251",5251,9.93344666666666
"5252",5252,12.06366
"5253",5253,13.20764
"5254",5254,11.815525
"5255",5255,16.92672
"5256",5256,8.20424333333333
"5257",5257,13.8208016666667
"5258",5258,16.056685
"5259",5259,10.81439
"5260",5260,13.153075
"5261",5261,8.708775
"5262",5262,16.3881416666667
"5263",5263,16.17253
"5264",5264,10.1911083333333
"5265",5265,7.29894833333333
"5266",5266,14.55371
"5267",5267,15.2262516666667
"5268",5268,11.831475
"5269",5269,12.205455
"5270",5270,7.86227166666667
"5271",5271,16.6068066666667
"5272",5272,7.58379666666666
"5273",5273,13.7568383333333
"5274",5274,10.8800283333333
"5275",5275,13.3028533333333
"5276",5276,9.846415
"5277",5277,12.5153833333333
"5278",5278,14.536015
"5279",5279,13.1805616666667
"5280",5280,14.6418316666667
"5281",5281,13.7220583333333
"5282",5282,9.48740166666666
"5283",5283,10.395065
"5284",5284,11.9450166666667
"5285",5285,16.9818366666667
"5286",5286,10.4008966666667
"5287",5287,13.597205
"5288",5288,17.8211483333333
"5289",5289,16.0229433333333
"5290",5290,14.1044866666667
"5291",5291,7.75500333333333
"5292",5292,11.066685
"5293",5293,14.8048116666667
"5294",5294,16.18513
"5295",5295,13.3420933333333
"5296",5296,10.8555916666667
"5297",5297,10.3638816666667
"5298",5298,16.6108983333333
"5299",5299,11.3262316666667
"5300",5300,10.8019766666667
"5301",5301,13.7578283333333
"5302",5302,13.7838766666667
"5303",5303,14.9628783333333
"5304",5304,9.37715333333333
"5305",5305,11.9629133333333
"5306",5306,9.39376
"5307",5307,17.1467383333333
"5308",5308,10.7400316666667
"5309",5309,11.342815
"5310",5310,9.897665
"5311",5311,8.1967
"5312",5312,12.547285
"5313",5313,14.1382216666667
"5314",5314,8.58274
"5315",5315,7.98161166666666
"5316",5316,8.86804833333333
"5317",5317,18.87459
"5318",5318,13.9613983333333
"5319",5319,8.01066833333333
"5320",5320,13.1677766666667
"5321",5321,13.71515
"5322",5322,12.7913466666667
"5323",5323,12.0947433333333
"5324",5324,16.2112283333333
"5325",5325,8.52485333333333
"5326",5326,10.2391916666667
"5327",5327,9.1763
"5328",5328,17.98966
"5329",5329,13.0143466666667
"5330",5330,9.19727333333333
"5331",5331,14.8918316666667
"5332",5332,11.5253033333333
"5333",5333,7.36803666666667
"5334",5334,16.56149
"5335",5335,14.82036
"5336",5336,10.1639033333333
"5337",5337,13.70123
"5338",5338,11.9011916666667
"5339",5339,6.945325
"5340",5340,7.87834166666666
"5341",5341,15.4263883333333
"5342",5342,13.6465233333333
"5343",5343,11.739885
"5344",5344,7.64303833333333
"5345",5345,13.8589783333333
"5346",5346,14.0354083333333
"5347",5347,6.81521833333333
"5348",5348,8.760385
"5349",5349,8.74166833333333
"5350",5350,11.0203666666667
"5351",5351,11.6521483333333
"5352",5352,10.7454483333333
"5353",5353,11.50997
"5354",5354,7.80204166666667
"5355",5355,15.813685
"5356",5356,14.32633
"5357",5357,11.879665
"5358",5358,11.889015
"5359",5359,9.165425
"5360",5360,11.1834616666667
"5361",5361,14.93114
"5362",5362,18.3933533333333
"5363",5363,9.30595666666667
"5364",5364,8.94126
"5365",5365,15.1987566666667
"5366",5366,14.5855
"5367",5367,13.535795
"5368",5368,13.1950183333333
"5369",5369,14.7767566666667
"5370",5370,13.0985166666667
"5371",5371,11.219495
"5372",5372,12.5408016666667
"5373",5373,14.395455
"5374",5374,13.0066783333333
"5375",5375,19.21593
"5376",5376,15.0356033333333
"5377",5377,9.48380666666668
"5378",5378,11.5726066666667
"5379",5379,10.7563183333333
"5380",5380,16.29286
"5381",5381,10.7054583333333
"5382",5382,14.3507033333333
"5383",5383,14.2351683333333
"5384",5384,11.87138
"5385",5385,10.7632683333333
"5386",5386,13.1675833333333
"5387",5387,12.4308716666667
"5388",5388,11.4933483333333
"5389",5389,10.0952266666667
"5390",5390,13.1387933333333
"5391",5391,13.3731416666667
"5392",5392,11.6157066666667
"5393",5393,13.8483016666667
"5394",5394,15.248215
"5395",5395,16.7525316666667
"5396",5396,9.25150333333333
"5397",5397,12.833435
"5398",5398,15.5775616666667
"5399",5399,7.205625
"5400",5400,12.235445
"5401",5401,7.18772166666667
"5402",5402,14.6129
"5403",5403,9.97299000000001
"5404",5404,13.6013766666667
"5405",5405,13.9394083333333
"5406",5406,10.0574616666667
"5407",5407,12.418245
"5408",5408,9.87953333333334
"5409",5409,7.135825
"5410",5410,13.219945
"5411",5411,10.1620016666667
"5412",5412,9.83286166666667
"5413",5413,14.7281266666667
"5414",5414,16.4741983333333
"5415",5415,6.83477
"5416",5416,15.0340683333333
"5417",5417,11.5766033333333
"5418",5418,17.8557466666667
"5419",5419,8.29110333333333
"5420",5420,12.3479883333333
"5421",5421,8.12006666666666
"5422",5422,11.5852933333333
"5423",5423,11.8238183333333
"5424",5424,11.3464833333333
"5425",5425,17.3442016666667
"5426",5426,15.5153533333333
"5427",5427,8.38395166666667
"5428",5428,15.7571066666667
"5429",5429,11.3363183333333
"5430",5430,11.7958533333333
"5431",5431,10.2345383333333
"5432",5432,8.40923166666666
"5433",5433,18.4720516666667
"5434",5434,18.0877133333333
"5435",5435,8.787025
"5436",5436,16.6169183333333
"5437",5437,9.82177333333333
"5438",5438,15.4160166666667
"5439",5439,8.40202833333333
"5440",5440,18.1218033333333
"5441",5441,7.77551666666666
"5442",5442,11.8256766666667
"5443",5443,13.91799
"5444",5444,15.613705
"5445",5445,17.7386533333333
"5446",5446,15.2465816666667
"5447",5447,17.4503083333333
"5448",5448,18.797275
"5449",5449,6.99321
"5450",5450,10.278765
"5451",5451,11.42531
"5452",5452,6.89068833333333
"5453",5453,11.1872166666667
"5454",5454,15.3929283333333
"5455",5455,7.91950333333333
"5456",5456,13.2462616666667
"5457",5457,9.302795
"5458",5458,9.34949166666666
"5459",5459,20.320795
"5460",5460,14.4083133333333
"5461",5461,13.3151433333333
"5462",5462,12.2721116666667
"5463",5463,12.1749683333333
"5464",5464,7.88009
"5465",5465,11.8329383333333
"5466",5466,10.5042216666667
"5467",5467,7.94480333333334
"5468",5468,7.71531666666667
"5469",5469,14.3712016666667
"5470",5470,14.44517
"5471",5471,15.628015
"5472",5472,9.98972000000001
"5473",5473,12.7373833333333
"5474",5474,9.15614333333334
"5475",5475,13.37911
"5476",5476,11.26863
"5477",5477,10.0958366666667
"5478",5478,8.84972166666667
"5479",5479,11.0374433333333
"5480",5480,9.50626333333333
"5481",5481,13.4046016666667
"5482",5482,13.2116516666667
"5483",5483,12.6315316666667
"5484",5484,9.13428333333333
"5485",5485,11.4225333333333
"5486",5486,13.5829066666667
"5487",5487,11.450785
"5488",5488,14.6733616666667
"5489",5489,13.2575966666667
"5490",5490,11.7563716666667
"5491",5491,18.1337633333333
"5492",5492,12.4093333333333
"5493",5493,9.78494666666667
"5494",5494,16.3590166666667
"5495",5495,15.3215116666667
"5496",5496,16.2031183333333
"5497",5497,13.066905
"5498",5498,16.884045
"5499",5499,11.683175
"5500",5500,17.0758716666667
"5501",5501,14.9978066666667
"5502",5502,11.31634
"5503",5503,7.63797
"5504",5504,8.30052666666667
"5505",5505,16.8540166666667
"5506",5506,14.3089733333333
"5507",5507,15.2684683333333
"5508",5508,7.47505833333333
"5509",5509,15.608665
"5510",5510,10.0529466666667
"5511",5511,11.4291516666667
"5512",5512,10.2841183333333
"5513",5513,7.75807666666666
"5514",5514,10.5210116666667
"5515",5515,14.9321116666667
"5516",5516,18.1987016666666
"5517",5517,8.17613833333333
"5518",5518,12.944355
"5519",5519,15.9508666666667
"5520",5520,12.4935383333333
"5521",5521,12.4885066666667
"5522",5522,9.38468666666668
"5523",5523,11.1056283333333
"5524",5524,7.64936166666667
"5525",5525,10.6637016666667
"5526",5526,8.42581166666666
"5527",5527,15.4039133333333
"5528",5528,6.94075
"5529",5529,12.6028733333333
"5530",5530,8.90468166666667
"5531",5531,11.6474316666667
"5532",5532,10.2771283333333
"5533",5533,14.6132933333333
"5534",5534,19.5863183333333
"5535",5535,16.4393966666667
"5536",5536,8.86533
"5537",5537,14.9174466666667
"5538",5538,8.021925
"5539",5539,12.0386466666667
"5540",5540,7.83225333333333
"5541",5541,7.91349333333333
"5542",5542,18.35429
"5543",5543,13.0360716666667
"5544",5544,15.0663266666667
"5545",5545,7.55873666666667
"5546",5546,6.76320166666666
"5547",5547,14.5883416666667
"5548",5548,12.8463416666667
"5549",5549,15.563655
"5550",5550,13.0719133333333
"5551",5551,7.480005
"5552",5552,17.5870716666667
"5553",5553,14.593635
"5554",5554,9.70006833333333
"5555",5555,9.77967666666668
"5556",5556,17.3858516666667
"5557",5557,13.008005
"5558",5558,10.195775
"5559",5559,9.01265
"5560",5560,14.476435
"5561",5561,12.6767166666667
"5562",5562,15.6555783333333
"5563",5563,6.755315
"5564",5564,16.5539933333333
"5565",5565,7.86941666666666
"5566",5566,12.6670833333333
"5567",5567,7.834345
"5568",5568,11.6854766666667
"5569",5569,15.4786416666667
"5570",5570,14.0866866666667
"5571",5571,8.099775
"5572",5572,10.3846933333333
"5573",5573,17.235895
"5574",5574,16.2086666666667
"5575",5575,13.286755
"5576",5576,16.6716283333333
"5577",5577,12.97096
"5578",5578,13.888515
"5579",5579,16.988225
"5580",5580,15.3148033333333
"5581",5581,11.4539666666667
"5582",5582,12.7894616666667
"5583",5583,13.6343883333333
"5584",5584,15.2469433333333
"5585",5585,11.939865
"5586",5586,12.356125
"5587",5587,15.5280833333333
"5588",5588,10.1828983333333
"5589",5589,12.0394116666667
"5590",5590,9.204905
"5591",5591,10.32011
"5592",5592,12.239185
"5593",5593,11.5182983333333
"5594",5594,17.160075
"5595",5595,11.78886
"5596",5596,14.2330983333333
"5597",5597,13.9404783333333
"5598",5598,19.212935
"5599",5599,10.4253983333333
"5600",5600,16.7813433333333
"5601",5601,12.6411066666667
"5602",5602,13.761445
"5603",5603,6.792135
"5604",5604,10.0203183333333
"5605",5605,14.904385
"5606",5606,8.22137
"5607",5607,10.9250866666667
"5608",5608,17.6915083333333
"5609",5609,18.5846116666667
"5610",5610,7.378455
"5611",5611,12.38257
"5612",5612,16.8144083333333
"5613",5613,14.064455
"5614",5614,19.111305
"5615",5615,14.5472583333333
"5616",5616,16.1177233333333
"5617",5617,20.9465216666667
"5618",5618,15.858135
"5619",5619,15.157385
"5620",5620,8.02363666666666
"5621",5621,7.62727166666666
"5622",5622,9.29071666666666
"5623",5623,10.9937483333333
"5624",5624,11.59365
"5625",5625,16.1251333333333
"5626",5626,7.59956333333333
"5627",5627,16.2154233333333
"5628",5628,14.7113616666667
"5629",5629,12.0166516666667
"5630",5630,9.67194666666667
"5631",5631,16.7088033333333
"5632",5632,10.85528
"5633",5633,12.4655816666667
"5634",5634,11.1205016666667
"5635",5635,13.1630483333333
"5636",5636,8.10890166666666
"5637",5637,14.9904183333333
"5638",5638,10.4491516666667
"5639",5639,15.0437166666667
"5640",5640,8.832535
"5641",5641,16.8987566666667
"5642",5642,7.00527
"5643",5643,8.243065
"5644",5644,13.3661066666667
"5645",5645,10.11584
"5646",5646,14.0342
"5647",5647,13.1090716666667
"5648",5648,14.1293966666667
"5649",5649,15.9632466666667
"5650",5650,8.03582666666667
"5651",5651,11.5136083333333
"5652",5652,13.3668783333333
"5653",5653,11.7228883333333
"5654",5654,14.1426416666667
"5655",5655,11.2829583333333
"5656",5656,11.4067866666667
"5657",5657,14.1592083333333
"5658",5658,10.2356233333333
"5659",5659,7.489665
"5660",5660,13.3969866666667
"5661",5661,16.916995
"5662",5662,14.914565
"5663",5663,13.2570616666667
"5664",5664,11.5812783333333
"5665",5665,16.7776783333333
"5666",5666,10.7280366666667
"5667",5667,9.42352666666666
"5668",5668,7.11957833333333
"5669",5669,13.6464016666667
"5670",5670,14.4152233333333
"5671",5671,7.67172
"5672",5672,16.1987216666667
"5673",5673,17.5874266666667
"5674",5674,11.6133783333333
"5675",5675,14.8767833333333
"5676",5676,7.96350333333333
"5677",5677,14.309675
"5678",5678,8.44576666666666
"5679",5679,16.8632033333333
"5680",5680,15.141175
"5681",5681,13.15679
"5682",5682,7.70350499999999
"5683",5683,15.6150833333333
"5684",5684,11.4284833333333
"5685",5685,11.7327883333333
"5686",5686,12.1701816666667
"5687",5687,10.4247066666667
"5688",5688,15.10396
"5689",5689,10.8615916666667
"5690",5690,6.822815
"5691",5691,17.0959833333333
"5692",5692,15.0147516666667
"5693",5693,9.57431666666666
"5694",5694,15.0061066666667
"5695",5695,8.81294833333333
"5696",5696,7.13349833333333
"5697",5697,20.7953283333333
"5698",5698,12.6241166666667
"5699",5699,11.4839666666667
"5700",5700,11.1878366666667
"5701",5701,13.7862783333333
"5702",5702,18.352465
"5703",5703,15.6855283333333
"5704",5704,17.8871133333333
"5705",5705,11.9574983333333
"5706",5706,16.5049183333333
"5707",5707,7.422185
"5708",5708,14.2179683333333
"5709",5709,9.63842333333334
"5710",5710,16.17881
"5711",5711,13.5720483333333
"5712",5712,10.8176466666667
"5713",5713,10.1131983333333
"5714",5714,18.5318366666667
"5715",5715,9.54512666666666
"5716",5716,14.67216
"5717",5717,10.7015916666667
"5718",5718,13.1434733333333
"5719",5719,15.422135
"5720",5720,11.3987133333333
"5721",5721,11.23427
"5722",5722,10.6353783333333
"5723",5723,13.8976
"5724",5724,16.9185566666666
"5725",5725,15.0837883333333
"5726",5726,9.76490666666667
"5727",5727,15.866195
"5728",5728,11.9897333333333
"5729",5729,12.1880533333333
"5730",5730,7.97976499999999
"5731",5731,18.201355
"5732",5732,16.839855
"5733",5733,16.2325983333333
"5734",5734,14.0800066666667
"5735",5735,15.41372
"5736",5736,8.53686833333334
"5737",5737,12.6311
"5738",5738,7.699455
"5739",5739,13.0242
"5740",5740,15.8737783333333
"5741",5741,14.7784666666667
"5742",5742,12.7359183333333
"5743",5743,9.09543166666667
"5744",5744,13.1222666666667
"5745",5745,10.4460483333333
"5746",5746,17.3113
"5747",5747,12.9363216666667
"5748",5748,11.0881183333333
"5749",5749,6.88335166666667
"5750",5750,13.3725133333333
"5751",5751,8.90803333333333
"5752",5752,7.968215
"5753",5753,8.93494833333333
"5754",5754,16.1399533333333
"5755",5755,11.1836033333333
"5756",5756,8.93757333333334
"5757",5757,12.9485216666667
"5758",5758,7.97597666666666
"5759",5759,12.1239666666667
"5760",5760,13.1084266666667
"5761",5761,15.8560833333333
"5762",5762,12.0170616666667
"5763",5763,13.891955
"5764",5764,17.9472416666667
"5765",5765,10.4151016666667
"5766",5766,8.48701166666667
"5767",5767,7.67262833333333
"5768",5768,12.8653783333333
"5769",5769,14.83101
"5770",5770,7.14422333333333
"5771",5771,11.100015
"5772",5772,15.3281966666667
"5773",5773,15.3131266666667
"5774",5774,11.0290083333333
"5775",5775,17.725145
"5776",5776,12.9805933333333
"5777",5777,14.4095283333333
"5778",5778,15.1681933333333
"5779",5779,13.20738
"5780",5780,15.58865
"5781",5781,7.810185
"5782",5782,13.330285
"5783",5783,11.5260716666667
"5784",5784,15.1385016666667
"5785",5785,17.6084783333333
"5786",5786,11.5385666666667
"5787",5787,9.40186666666667
"5788",5788,11.9355383333333
"5789",5789,13.736605
"5790",5790,16.8059833333333
"5791",5791,14.42521
"5792",5792,14.3583566666667
"5793",5793,12.1388366666667
"5794",5794,13.6968283333333
"5795",5795,14.45947
"5796",5796,15.1531583333333
"5797",5797,11.14947
"5798",5798,13.4303566666667
"5799",5799,11.83211
"5800",5800,17.2561616666667
"5801",5801,8.43713999999999
"5802",5802,13.2436966666667
"5803",5803,7.29514833333333
"5804",5804,13.8468216666667
"5805",5805,12.83214
"5806",5806,9.44320833333333
"5807",5807,11.2562633333333
"5808",5808,15.0206166666667
"5809",5809,7.30248666666667
"5810",5810,11.65328
"5811",5811,13.6669916666667
"5812",5812,17.4581866666667
"5813",5813,9.89886166666667
"5814",5814,12.9697833333333
"5815",5815,14.2870383333333
"5816",5816,19.0297833333333
"5817",5817,14.6091383333333
"5818",5818,12.0308816666667
"5819",5819,9.88170666666666
"5820",5820,15.399245
"5821",5821,12.40807
"5822",5822,17.7345316666666
"5823",5823,11.6183516666667
"5824",5824,12.1564516666667
"5825",5825,15.250525
"5826",5826,12.2000116666667
"5827",5827,13.342935
"5828",5828,10.9875066666667
"5829",5829,12.6674383333333
"5830",5830,10.981715
"5831",5831,8.03321666666666
"5832",5832,11.1413216666667
"5833",5833,14.7139233333333
"5834",5834,7.41958666666666
"5835",5835,14.8257016666667
"5836",5836,7.569145
"5837",5837,15.3825733333333
"5838",5838,17.0558383333333
"5839",5839,8.343135
"5840",5840,14.12111
"5841",5841,8.68574666666666
"5842",5842,10.8397183333333
"5843",5843,10.51836
"5844",5844,7.41113333333333
"5845",5845,16.5828983333333
"5846",5846,15.163365
"5847",5847,10.8899133333333
"5848",5848,12.2878
"5849",5849,14.0439883333333
"5850",5850,9.50167833333334
"5851",5851,12.679945
"5852",5852,12.219945
"5853",5853,10.3012116666667
"5854",5854,11.1527
"5855",5855,13.2283683333333
"5856",5856,10.4291616666667
"5857",5857,17.273155
"5858",5858,17.5999816666667
"5859",5859,15.3950083333333
"5860",5860,10.0107516666667
"5861",5861,12.253465
"5862",5862,10.4165583333333
"5863",5863,9.74314166666667
"5864",5864,13.8588666666667
"5865",5865,9.31064833333335
"5866",5866,12.23191
"5867",5867,16.87501
"5868",5868,10.778685
"5869",5869,9.81681833333334
"5870",5870,9.43263
"5871",5871,10.0072716666667
"5872",5872,12.96816
"5873",5873,15.0685466666667
"5874",5874,9.97289500000001
"5875",5875,15.068785
"5876",5876,12.779215
"5877",5877,9.35020833333335
"5878",5878,10.55928
"5879",5879,10.2603483333333
"5880",5880,17.3951066666667
"5881",5881,10.2552833333333
"5882",5882,13.0767033333333
"5883",5883,9.09254333333334
"5884",5884,15.86675
"5885",5885,10.800545
"5886",5886,6.76123666666667
"5887",5887,11.51698
"5888",5888,9.89052333333333
"5889",5889,13.471705
"5890",5890,11.4432583333333
"5891",5891,9.38023
"5892",5892,8.42557166666667
"5893",5893,11.9467216666667
"5894",5894,9.48707999999999
"5895",5895,14.64077
"5896",5896,11.2321366666667
"5897",5897,16.2921883333333
"5898",5898,13.0060883333333
"5899",5899,7.67532999999999
"5900",5900,8.082715
"5901",5901,8.36308833333333
"5902",5902,12.5838266666667
"5903",5903,11.0246483333333
"5904",5904,15.669925
"5905",5905,18.0741016666667
"5906",5906,12.9309583333333
"5907",5907,10.3951766666667
"5908",5908,16.272435
"5909",5909,12.33199
"5910",5910,15.1938116666667
"5911",5911,12.6640916666667
"5912",5912,18.12147
"5913",5913,15.2394916666667
"5914",5914,7.92637666666666
"5915",5915,16.256475
"5916",5916,11.7692433333333
"5917",5917,12.2691
"5918",5918,9.29092166666667
"5919",5919,10.8141816666667
"5920",5920,9.05388333333333
"5921",5921,15.4182883333333
"5922",5922,13.0268583333333
"5923",5923,13.2670616666667
"5924",5924,14.2411116666667
"5925",5925,8.24777833333333
"5926",5926,16.5948283333333
"5927",5927,8.79615333333333
"5928",5928,10.3317833333333
"5929",5929,9.43424666666666
"5930",5930,10.0650866666667
"5931",5931,17.2595833333333
"5932",5932,11.3310166666667
"5933",5933,12.190625
"5934",5934,16.2148433333333
"5935",5935,15.9734866666667
"5936",5936,12.7931866666667
"5937",5937,11.9957483333333
"5938",5938,8.78677833333333
"5939",5939,16.3939433333333
"5940",5940,15.48714
"5941",5941,14.872905
"5942",5942,8.44129
"5943",5943,10.974535
"5944",5944,14.007925
"5945",5945,12.5655883333333
"5946",5946,11.8909383333333
"5947",5947,14.3713833333333
"5948",5948,12.44075
"5949",5949,10.4567066666667
"5950",5950,15.8835683333333
"5951",5951,7.46489333333333
"5952",5952,11.0053533333333
"5953",5953,11.4065066666667
"5954",5954,11.4816333333333
"5955",5955,15.246125
"5956",5956,9.87395500000001
"5957",5957,14.5881516666667
"5958",5958,13.2832583333333
"5959",5959,11.919405
"5960",5960,7.16172
"5961",5961,7.12161666666667
"5962",5962,10.9391033333333
"5963",5963,19.20332
"5964",5964,13.7591066666667
"5965",5965,9.64841000000001
"5966",5966,6.74328833333334
"5967",5967,7.24303833333333
"5968",5968,7.32390666666666
"5969",5969,9.80444999999999
"5970",5970,16.7350033333333
"5971",5971,14.0262683333333
"5972",5972,18.0104433333333
"5973",5973,12.00587
"5974",5974,12.8909616666667
"5975",5975,12.759555
"5976",5976,9.39875666666666
"5977",5977,14.2333183333333
"5978",5978,11.8879233333333
"5979",5979,14.18323
"5980",5980,9.73233833333333
"5981",5981,7.97383166666667
"5982",5982,12.70849
"5983",5983,11.3594533333333
"5984",5984,9.59032000000001
"5985",5985,13.47274
"5986",5986,9.32891
"5987",5987,7.38458666666666
"5988",5988,7.70532666666667
"5989",5989,15.1687166666667
"5990",5990,12.8217833333333
"5991",5991,8.645825
"5992",5992,9.64818333333334
"5993",5993,14.4722466666667
"5994",5994,15.3807666666667
"5995",5995,8.022935
"5996",5996,12.3016683333333
"5997",5997,12.9698466666667
"5998",5998,7.700405
"5999",5999,13.9516366666667
"6000",6000,22.0071533333333
"6001",6001,10.2682733333333
"6002",6002,7.462575
"6003",6003,16.5072066666667
"6004",6004,10.9864633333333
"6005",6005,16.70879
"6006",6006,10.533995
"6007",6007,9.29219666666667
"6008",6008,15.9720366666667
"6009",6009,10.7669616666667
"6010",6010,12.52565
"6011",6011,17.2240833333333
"6012",6012,8.31605666666667
"6013",6013,9.70454833333333
"6014",6014,12.089055
"6015",6015,8.11914833333334
"6016",6016,11.0491133333333
"6017",6017,7.659205
"6018",6018,7.591895
"6019",6019,7.61565833333333
"6020",6020,15.7130133333333
"6021",6021,13.785645
"6022",6022,7.10011666666667
"6023",6023,7.22205333333333
"6024",6024,13.4491033333333
"6025",6025,17.9790416666667
"6026",6026,15.0786183333333
"6027",6027,9.45256833333333
"6028",6028,15.1091816666667
"6029",6029,13.9522416666667
"6030",6030,16.008745
"6031",6031,15.3159966666667
"6032",6032,9.17756666666667
"6033",6033,7.02798666666667
"6034",6034,13.0931733333333
"6035",6035,7.78901
"6036",6036,14.4701066666667
"6037",6037,9.52997333333333
"6038",6038,10.665295
"6039",6039,14.7899133333333
"6040",6040,10.7859866666667
"6041",6041,12.2594383333333
"6042",6042,11.49884
"6043",6043,9.60015333333334
"6044",6044,10.696395
"6045",6045,13.134555
"6046",6046,16.9831416666667
"6047",6047,11.3821733333333
"6048",6048,10.807395
"6049",6049,11.270485
"6050",6050,18.2953833333333
"6051",6051,10.528955
"6052",6052,15.67642
"6053",6053,16.761005
"6054",6054,12.2768666666667
"6055",6055,15.52143
"6056",6056,20.068365
"6057",6057,18.9554816666667
"6058",6058,11.4251733333333
"6059",6059,11.5739
"6060",6060,14.8299483333333
"6061",6061,12.462595
"6062",6062,16.6512183333333
"6063",6063,15.922445
"6064",6064,15.404
"6065",6065,13.2301266666667
"6066",6066,8.13130499999999
"6067",6067,18.448125
"6068",6068,11.645925
"6069",6069,13.0450866666667
"6070",6070,13.6524766666667
"6071",6071,13.0962083333333
"6072",6072,13.3623316666667
"6073",6073,9.50917
"6074",6074,18.3795583333333
"6075",6075,8.71957
"6076",6076,7.09660666666667
"6077",6077,10.4304533333333
"6078",6078,6.93128166666667
"6079",6079,12.1117133333333
"6080",6080,14.9602533333333
"6081",6081,11.0298966666667
"6082",6082,11.1603716666667
"6083",6083,12.553585
"6084",6084,15.87354
"6085",6085,9.01141833333333
"6086",6086,10.665885
"6087",6087,13.5412516666667
"6088",6088,6.69129333333333
"6089",6089,17.179245
"6090",6090,7.34114499999999
"6091",6091,14.7639183333333
"6092",6092,8.27261166666667
"6093",6093,10.32017
"6094",6094,12.5985066666667
"6095",6095,14.2399
"6096",6096,19.6188616666667
"6097",6097,16.5523733333333
"6098",6098,10.5328166666667
"6099",6099,15.1703883333333
"6100",6100,9.66074333333333
"6101",6101,11.859475
"6102",6102,14.6956983333333
"6103",6103,14.5315283333333
"6104",6104,11.67237
"6105",6105,12.84615
"6106",6106,11.9224983333333
"6107",6107,11.20679
"6108",6108,15.0886533333333
"6109",6109,10.7053616666667
"6110",6110,10.2297616666667
"6111",6111,13.2638533333333
"6112",6112,14.2916516666667
"6113",6113,8.91978833333333
"6114",6114,14.718975
"6115",6115,8.03625833333333
"6116",6116,17.29261
"6117",6117,10.526955
"6118",6118,9.70386666666668
"6119",6119,18.6948683333333
"6120",6120,16.207885
"6121",6121,13.1917
"6122",6122,16.81514
"6123",6123,10.58451
"6124",6124,8.30112333333333
"6125",6125,18.4687933333333
"6126",6126,10.531575
"6127",6127,11.9973483333333
"6128",6128,10.197285
"6129",6129,8.85718666666667
"6130",6130,11.5722616666667
"6131",6131,7.46360333333334
"6132",6132,13.87203
"6133",6133,7.70440999999999
"6134",6134,11.9480533333333
"6135",6135,13.29914
"6136",6136,6.81166333333333
"6137",6137,8.03941833333333
"6138",6138,13.6017666666667
"6139",6139,9.97811
"6140",6140,12.1734016666667
"6141",6141,8.08375499999999
"6142",6142,14.5725566666667
"6143",6143,12.644935
"6144",6144,14.61473
"6145",6145,12.5575566666667
"6146",6146,11.90957
"6147",6147,15.7677766666667
"6148",6148,17.90783
"6149",6149,15.1608083333333
"6150",6150,6.67156
"6151",6151,19.0219483333333
"6152",6152,13.8887666666667
"6153",6153,11.6439183333333
"6154",6154,15.3658466666667
"6155",6155,13.97664
"6156",6156,11.6653066666667
"6157",6157,13.2666316666667
"6158",6158,12.3253383333333
"6159",6159,10.68806
"6160",6160,12.6530833333333
"6161",6161,10.6370716666667
"6162",6162,9.98279833333333
"6163",6163,10.112325
"6164",6164,13.1430016666667
"6165",6165,13.50416
"6166",6166,14.57741
"6167",6167,11.673835
"6168",6168,10.4263
"6169",6169,11.66653
"6170",6170,16.7009616666667
"6171",6171,7.37041166666667
"6172",6172,7.94661333333333
"6173",6173,15.8414183333333
"6174",6174,9.54424166666666
"6175",6175,10.3162183333333
"6176",6176,9.37605833333333
"6177",6177,16.0074783333333
"6178",6178,14.01267
"6179",6179,9.00493999999999
"6180",6180,14.8555416666667
"6181",6181,7.74888666666667
"6182",6182,9.78252999999999
"6183",6183,11.8860183333333
"6184",6184,7.53154333333334
"6185",6185,11.4578966666667
"6186",6186,15.459015
"6187",6187,8.727025
"6188",6188,7.65815333333333
"6189",6189,13.8802983333333
"6190",6190,12.6651233333333
"6191",6191,17.9662533333333
"6192",6192,13.7225383333333
"6193",6193,13.7449333333333
"6194",6194,9.99758833333333
"6195",6195,11.2199116666667
"6196",6196,10.0022966666667
"6197",6197,15.481425
"6198",6198,16.7572566666667
"6199",6199,15.4939916666667
"6200",6200,15.8777616666667
"6201",6201,14.117185
"6202",6202,13.515705
"6203",6203,15.03096
"6204",6204,15.1300166666667
"6205",6205,13.7191183333333
"6206",6206,21.23082
"6207",6207,17.0207233333333
"6208",6208,10.8570866666667
"6209",6209,12.2006733333333
"6210",6210,14.5335733333333
"6211",6211,12.9058966666667
"6212",6212,15.9760816666667
"6213",6213,10.7901483333333
"6214",6214,14.32066
"6215",6215,10.2431683333333
"6216",6216,12.8427583333333
"6217",6217,10.760855
"6218",6218,7.64315333333333
"6219",6219,8.35931166666666
"6220",6220,10.220845
"6221",6221,13.1645516666667
"6222",6222,16.9289633333333
"6223",6223,12.714215
"6224",6224,9.39767833333335
"6225",6225,15.3258516666667
"6226",6226,11.8463633333333
"6227",6227,12.620935
"6228",6228,9.58212166666666
"6229",6229,9.06987666666667
"6230",6230,16.6891216666667
"6231",6231,11.3067466666667
"6232",6232,11.8720266666667
"6233",6233,15.64187
"6234",6234,9.740855
"6235",6235,14.3404083333333
"6236",6236,13.4031316666667
"6237",6237,13.92926
"6238",6238,11.4204216666667
"6239",6239,13.096215
"6240",6240,16.4472783333333
"6241",6241,17.1776316666667
"6242",6242,18.6779183333333
"6243",6243,12.0684533333333
"6244",6244,20.739845
"6245",6245,15.7344966666667
"6246",6246,11.4567233333333
"6247",6247,16.31212
"6248",6248,9.07217166666666
"6249",6249,7.22910333333333
"6250",6250,18.7148933333333
"6251",6251,14.1008316666667
"6252",6252,12.0727683333333
"6253",6253,14.163415
"6254",6254,11.077935
"6255",6255,8.405745
"6256",6256,15.3723133333333
"6257",6257,11.0382
"6258",6258,8.45226166666667
"6259",6259,11.8833483333333
"6260",6260,17.6476983333333
"6261",6261,16.0040533333333
"6262",6262,8.99271
"6263",6263,10.5842883333333
"6264",6264,10.0544
"6265",6265,12.7540466666667
"6266",6266,15.439845
"6267",6267,18.236
"6268",6268,12.129115
"6269",6269,10.9618666666667
"6270",6270,14.16734
"6271",6271,19.4428666666667
"6272",6272,8.071565
"6273",6273,15.10531
"6274",6274,14.1820466666667
"6275",6275,8.93244333333333
"6276",6276,14.8734283333333
"6277",6277,14.7823233333333
"6278",6278,10.6641633333333
"6279",6279,10.99261
"6280",6280,14.622125
"6281",6281,11.9456366666667
"6282",6282,17.5950716666667
"6283",6283,10.9169466666667
"6284",6284,8.238945
"6285",6285,14.070065
"6286",6286,8.66863166666667
"6287",6287,9.54238166666667
"6288",6288,7.56128
"6289",6289,13.716575
"6290",6290,15.7080116666667
"6291",6291,14.7904983333333
"6292",6292,17.2386066666667
"6293",6293,11.3163233333333
"6294",6294,12.9407133333333
"6295",6295,7.57617166666666
"6296",6296,7.85963166666666
"6297",6297,16.4821716666667
"6298",6298,13.2550583333333
"6299",6299,16.0782283333333
"6300",6300,10.6708133333333
"6301",6301,10.4345316666667
"6302",6302,12.594415
"6303",6303,13.90862
"6304",6304,17.0856833333333
"6305",6305,16.6561066666667
"6306",6306,13.7675833333333
"6307",6307,11.42579
"6308",6308,14.59313
"6309",6309,9.65117166666666
"6310",6310,10.722405
"6311",6311,11.66746
"6312",6312,16.1990183333333
"6313",6313,7.31147166666667
"6314",6314,8.57312
"6315",6315,11.5697083333333
"6316",6316,7.68066833333333
"6317",6317,10.7184933333333
"6318",6318,11.46594
"6319",6319,11.5361316666667
"6320",6320,13.61798
"6321",6321,10.6221416666667
"6322",6322,15.7460866666667
"6323",6323,10.3272033333333
"6324",6324,8.519105
"6325",6325,11.9626083333333
"6326",6326,11.622585
"6327",6327,10.0402283333333
"6328",6328,11.6751433333333
"6329",6329,11.2697316666667
"6330",6330,15.9939133333333
"6331",6331,11.2773083333333
"6332",6332,14.9040133333333
"6333",6333,8.30629166666666
"6334",6334,17.7020816666667
"6335",6335,7.57962166666667
"6336",6336,16.221965
"6337",6337,15.6818933333333
"6338",6338,12.784505
"6339",6339,9.65627666666667
"6340",6340,7.111135
"6341",6341,15.0238433333333
"6342",6342,12.3355333333333
"6343",6343,18.367295
"6344",6344,9.08260666666667
"6345",6345,15.166035
"6346",6346,13.8497183333333
"6347",6347,15.6401833333333
"6348",6348,9.84857166666665
"6349",6349,12.9148816666667
"6350",6350,9.92454333333333
"6351",6351,8.33029666666666
"6352",6352,8.72252
"6353",6353,12.6091233333333
"6354",6354,11.2846883333333
"6355",6355,8.87223
"6356",6356,11.1436216666667
"6357",6357,15.967535
"6358",6358,16.88522
"6359",6359,8.07268166666666
"6360",6360,10.96948
"6361",6361,12.8654166666667
"6362",6362,15.660565
"6363",6363,12.1908116666667
"6364",6364,12.6065266666667
"6365",6365,16.1481116666667
"6366",6366,16.66212
"6367",6367,16.1244733333333
"6368",6368,13.45104
"6369",6369,12.6875133333333
"6370",6370,8.31824666666666
"6371",6371,8.48914333333332
"6372",6372,17.1974183333333
"6373",6373,13.8416116666667
"6374",6374,15.667315
"6375",6375,10.16494
"6376",6376,10.5134416666667
"6377",6377,7.03200666666667
"6378",6378,13.886815
"6379",6379,12.4700966666667
"6380",6380,8.84818666666666
"6381",6381,9.84559999999999
"6382",6382,12.036145
"6383",6383,11.4362366666667
"6384",6384,8.33839333333333
"6385",6385,13.8188333333333
"6386",6386,14.1111366666667
"6387",6387,7.96529
"6388",6388,8.23494833333333
"6389",6389,8.46294833333333
"6390",6390,15.585495
"6391",6391,7.80085833333333
"6392",6392,14.505145
"6393",6393,10.4274716666667
"6394",6394,7.860035
"6395",6395,13.0992666666667
"6396",6396,12.0274816666667
"6397",6397,11.09019
"6398",6398,16.200825
"6399",6399,16.0419616666667
"6400",6400,10.1601483333333
"6401",6401,13.204735
"6402",6402,14.8190183333333
"6403",6403,11.5094383333333
"6404",6404,8.56821
"6405",6405,12.3350833333333
"6406",6406,12.2205916666667
"6407",6407,9.30566
"6408",6408,14.89584
"6409",6409,9.11537333333333
"6410",6410,15.1592033333333
"6411",6411,14.4158916666667
"6412",6412,15.8924066666667
"6413",6413,7.21084833333333
"6414",6414,12.8102766666667
"6415",6415,12.3251283333333
"6416",6416,15.3007266666667
"6417",6417,11.7462833333333
"6418",6418,14.48509
"6419",6419,7.05921
"6420",6420,9.39059999999999
"6421",6421,9.66217499999999
"6422",6422,8.33793666666666
"6423",6423,6.83294333333333
"6424",6424,14.9751533333333
"6425",6425,8.86248166666666
"6426",6426,12.1825583333333
"6427",6427,10.4678983333333
"6428",6428,8.00866833333333
"6429",6429,16.6585333333333
"6430",6430,11.9346616666667
"6431",6431,14.6800166666667
"6432",6432,12.0443516666667
"6433",6433,12.152615
"6434",6434,19.1574066666667
"6435",6435,20.62632
"6436",6436,9.11463833333333
"6437",6437,11.3122033333333
"6438",6438,16.7474033333333
"6439",6439,12.8584883333333
"6440",6440,10.30243
"6441",6441,8.14698666666667
"6442",6442,11.0134083333333
"6443",6443,11.1228416666667
"6444",6444,11.3701533333333
"6445",6445,7.87663
"6446",6446,8.12548999999999
"6447",6447,14.4213783333333
"6448",6448,7.48973
"6449",6449,16.8989833333333
"6450",6450,15.7507183333333
"6451",6451,16.2310983333333
"6452",6452,13.0942883333333
"6453",6453,16.3375366666667
"6454",6454,9.484595
"6455",6455,12.5490933333333
"6456",6456,15.1278466666667
"6457",6457,17.0226133333333
"6458",6458,17.1885283333333
"6459",6459,8.49154
"6460",6460,12.5207383333333
"6461",6461,13.4352
"6462",6462,8.18647333333333
"6463",6463,13.4284416666667
"6464",6464,14.0447033333333
"6465",6465,14.5629683333333
"6466",6466,14.701725
"6467",6467,16.08746
"6468",6468,12.7553966666667
"6469",6469,10.17239
"6470",6470,8.57062166666666
"6471",6471,10.4883716666667
"6472",6472,16.8526583333333
"6473",6473,12.176695
"6474",6474,17.1178383333333
"6475",6475,7.91162333333333
"6476",6476,14.6406183333333
"6477",6477,8.13227833333334
"6478",6478,12.494
"6479",6479,12.0984216666667
"6480",6480,7.888845
"6481",6481,9.920345
"6482",6482,10.5606016666667
"6483",6483,11.035465
"6484",6484,11.2928183333333
"6485",6485,14.4782933333333
"6486",6486,6.77195166666667
"6487",6487,9.07551
"6488",6488,8.20013166666666
"6489",6489,13.39225
"6490",6490,11.0786016666667
"6491",6491,16.3067466666667
"6492",6492,15.6320666666667
"6493",6493,7.83440666666667
"6494",6494,6.93068
"6495",6495,10.2376283333333
"6496",6496,15.7077483333333
"6497",6497,12.3263866666667
"6498",6498,12.3065783333333
"6499",6499,14.0966066666667
"6500",6500,14.5877616666667
"6501",6501,7.59534333333333
"6502",6502,10.625345
"6503",6503,9.13276333333333
"6504",6504,11.7674783333333
"6505",6505,7.70225333333333
"6506",6506,7.48744166666666
"6507",6507,8.11485
"6508",6508,15.0654533333333
"6509",6509,7.37081666666667
"6510",6510,10.4317383333333
"6511",6511,9.018465
"6512",6512,7.16974333333333
"6513",6513,16.9130183333333
"6514",6514,9.55843833333333
"6515",6515,14.4105033333333
"6516",6516,14.4747616666667
"6517",6517,12.28581
"6518",6518,14.429045
"6519",6519,13.4468683333333
"6520",6520,15.40558
"6521",6521,12.5800116666667
"6522",6522,11.6328933333333
"6523",6523,12.6473483333333
"6524",6524,11.9774766666667
"6525",6525,14.845835
"6526",6526,6.936075
"6527",6527,7.85634
"6528",6528,13.2587716666667
"6529",6529,9.846725
"6530",6530,11.82358
"6531",6531,19.3357066666667
"6532",6532,16.914685
"6533",6533,11.4221483333333
"6534",6534,16.6441283333333
"6535",6535,15.2241283333333
"6536",6536,7.676435
"6537",6537,14.918625
"6538",6538,9.97928833333332
"6539",6539,12.6826316666667
"6540",6540,16.6753483333333
"6541",6541,10.279295
"6542",6542,6.60098
"6543",6543,9.44147666666666
"6544",6544,11.3741266666667
"6545",6545,10.9625616666667
"6546",6546,7.49915999999999
"6547",6547,18.5260616666667
"6548",6548,11.61717
"6549",6549,17.0021566666667
"6550",6550,12.666175
"6551",6551,11.0382366666667
"6552",6552,17.6688
"6553",6553,9.51924166666666
"6554",6554,8.28998666666667
"6555",6555,9.21074833333333
"6556",6556,11.48027
"6557",6557,9.94117666666666
"6558",6558,16.0721683333333
"6559",6559,11.3472483333333
"6560",6560,10.6682866666667
"6561",6561,12.1922333333333
"6562",6562,9.96447333333333
"6563",6563,7.87695166666666
"6564",6564,13.10811
"6565",6565,9.14342333333333
"6566",6566,14.8360283333333
"6567",6567,7.82315333333333
"6568",6568,13.1709233333333
"6569",6569,12.9449066666667
"6570",6570,12.0789816666667
"6571",6571,7.42683666666666
"6572",6572,13.2558366666667
"6573",6573,9.87572833333332
"6574",6574,7.44087166666667
"6575",6575,15.2785616666667
"6576",6576,6.943075
"6577",6577,13.504755
"6578",6578,10.782635
"6579",6579,15.9965366666667
"6580",6580,12.4315566666667
"6581",6581,8.78166166666666
"6582",6582,16.8188583333333
"6583",6583,13.1358883333333
"6584",6584,12.07019
"6585",6585,7.08373333333333
"6586",6586,7.53427
"6587",6587,11.13974
"6588",6588,13.2758083333333
"6589",6589,14.9759233333333
"6590",6590,10.0480783333333
"6591",6591,18.700025
"6592",6592,15.7028583333333
"6593",6593,14.707525
"6594",6594,7.61291333333333
"6595",6595,13.2989183333333
"6596",6596,14.1114733333333
"6597",6597,7.50415166666667
"6598",6598,14.2918233333333
"6599",6599,15.8835333333333
"6600",6600,15.89039
"6601",6601,8.79661333333333
"6602",6602,12.694095
"6603",6603,16.92212
"6604",6604,17.463425
"6605",6605,9.92279833333333
"6606",6606,9.52539500000001
"6607",6607,14.0450333333333
"6608",6608,12.5321616666667
"6609",6609,12.39983
"6610",6610,14.1757383333333
"6611",6611,17.312445
"6612",6612,16.5260433333333
"6613",6613,14.0757666666667
"6614",6614,10.1875016666667
"6615",6615,13.2104816666667
"6616",6616,10.48165
"6617",6617,10.1133416666667
"6618",6618,13.1757816666667
"6619",6619,12.9916466666667
"6620",6620,11.6336833333333
"6621",6621,15.0758083333333
"6622",6622,16.7892933333333
"6623",6623,13.5941383333333
"6624",6624,14.816345
"6625",6625,8.184055
"6626",6626,10.0129266666667
"6627",6627,7.80611666666667
"6628",6628,6.8583
"6629",6629,11.7446416666667
"6630",6630,13.5514433333333
"6631",6631,8.24382833333333
"6632",6632,14.8875383333333
"6633",6633,8.149405
"6634",6634,12.3274516666667
"6635",6635,13.4323083333333
"6636",6636,8.53055499999999
"6637",6637,8.18531333333333
"6638",6638,10.229065
"6639",6639,8.82042666666666
"6640",6640,10.4184933333333
"6641",6641,19.3160916666667
"6642",6642,14.0037566666667
"6643",6643,14.881225
"6644",6644,12.4238083333333
"6645",6645,14.3625216666667
"6646",6646,17.8913566666667
"6647",6647,13.2434366666667
"6648",6648,12.2781416666667
"6649",6649,7.44949
"6650",6650,9.18857
"6651",6651,15.27335
"6652",6652,10.9049016666667
"6653",6653,10.7186233333333
"6654",6654,9.06329833333333
"6655",6655,15.74035
"6656",6656,20.944225
"6657",6657,13.8918466666667
"6658",6658,13.02514
"6659",6659,10.4832583333333
"6660",6660,10.9122483333333
"6661",6661,13.86858
"6662",6662,16.1267966666667
"6663",6663,7.52297833333333
"6664",6664,8.92342666666666
"6665",6665,14.0438916666667
"6666",6666,11.62909
"6667",6667,10.464905
"6668",6668,11.8408066666667
"6669",6669,15.307115
"6670",6670,15.87777
"6671",6671,16.3925116666667
"6672",6672,11.49464
"6673",6673,6.94066333333333
"6674",6674,11.94904
"6675",6675,7.23417333333333
"6676",6676,13.61814
"6677",6677,16.11868
"6678",6678,13.3176883333333
"6679",6679,17.2713016666667
"6680",6680,11.1200666666667
"6681",6681,9.27472833333333
"6682",6682,7.17914166666667
"6683",6683,12.2624766666667
"6684",6684,15.5761966666667
"6685",6685,13.2842266666667
"6686",6686,19.4400666666667
"6687",6687,17.1624783333333
"6688",6688,14.4194783333333
"6689",6689,13.1687483333333
"6690",6690,14.8625966666667
"6691",6691,14.2041616666667
"6692",6692,8.40577666666666
"6693",6693,12.4305283333333
"6694",6694,7.03795166666667
"6695",6695,13.5445216666667
"6696",6696,6.66012833333333
"6697",6697,8.26448333333334
"6698",6698,7.46680499999999
"6699",6699,7.957945
"6700",6700,12.5284016666667
"6701",6701,19.2231316666667
"6702",6702,9.61783166666666
"6703",6703,10.10931
"6704",6704,18.9549966666667
"6705",6705,12.0031133333333
"6706",6706,14.4191433333333
"6707",6707,7.74689833333334
"6708",6708,14.9550983333333
"6709",6709,17.00188
"6710",6710,7.423825
"6711",6711,9.82172000000001
"6712",6712,13.188825
"6713",6713,12.2376933333333
"6714",6714,8.46169333333334
"6715",6715,13.9409783333333
"6716",6716,14.128465
"6717",6717,13.2274233333333
"6718",6718,12.7520916666667
"6719",6719,12.1248766666667
"6720",6720,11.6602066666667
"6721",6721,7.263855
"6722",6722,11.0667766666667
"6723",6723,13.0826233333333
"6724",6724,11.52866
"6725",6725,9.97148166666667
"6726",6726,10.0516483333333
"6727",6727,16.9246283333333
"6728",6728,16.0532783333333
"6729",6729,12.2755483333333
"6730",6730,9.32713333333333
"6731",6731,16.1636683333333
"6732",6732,16.635585
"6733",6733,11.74554
"6734",6734,10.16459
"6735",6735,13.50611
"6736",6736,8.937525
"6737",6737,7.95518333333333
"6738",6738,14.7813483333333
"6739",6739,12.06961
"6740",6740,12.2956766666667
"6741",6741,11.2877016666667
"6742",6742,13.321015
"6743",6743,11.7070566666667
"6744",6744,9.36755666666667
"6745",6745,18.0903816666667
"6746",6746,20.625265
"6747",6747,18.1369466666667
"6748",6748,13.6128316666667
"6749",6749,11.451485
"6750",6750,12.106685
"6751",6751,10.7413233333333
"6752",6752,12.953575
"6753",6753,16.0289683333333
"6754",6754,14.2304583333333
"6755",6755,7.23318
"6756",6756,10.2528666666667
"6757",6757,16.1308066666667
"6758",6758,14.07073
"6759",6759,11.5449833333333
"6760",6760,9.98896666666668
"6761",6761,12.732345
"6762",6762,13.7265633333333
"6763",6763,14.2876233333333
"6764",6764,17.3642166666667
"6765",6765,13.0043433333333
"6766",6766,9.87895666666667
"6767",6767,11.8388866666667
"6768",6768,16.7518066666667
"6769",6769,10.1592916666667
"6770",6770,10.4247883333333
"6771",6771,12.92143
"6772",6772,14.8114616666667
"6773",6773,11.7653983333333
"6774",6774,10.1014166666667
"6775",6775,14.5590133333333
"6776",6776,14.5088316666667
"6777",6777,8.66195333333333
"6778",6778,15.3942116666667
"6779",6779,16.710205
"6780",6780,15.751135
"6781",6781,10.69559
"6782",6782,13.5134966666667
"6783",6783,7.07617666666667
"6784",6784,8.21194999999999
"6785",6785,14.6052683333333
"6786",6786,11.1187266666667
"6787",6787,7.28748
"6788",6788,12.6478416666667
"6789",6789,6.94916166666667
"6790",6790,8.18776333333333
"6791",6791,9.22642166666666
"6792",6792,10.54591
"6793",6793,17.9756666666667
"6794",6794,12.713195
"6795",6795,18.2006133333333
"6796",6796,8.819175
"6797",6797,10.47773
"6798",6798,12.7156766666667
"6799",6799,14.4471633333333
"6800",6800,12.2513966666667
"6801",6801,16.1849116666667
"6802",6802,7.582925
"6803",6803,7.96475666666667
"6804",6804,8.64607833333333
"6805",6805,14.36803
"6806",6806,13.0046016666667
"6807",6807,11.55834
"6808",6808,7.49459999999999
"6809",6809,16.11655
"6810",6810,7.69451666666667
"6811",6811,13.9198116666667
"6812",6812,8.574405
"6813",6813,10.4433866666667
"6814",6814,7.40292166666667
"6815",6815,13.9926333333333
"6816",6816,8.43227166666667
"6817",6817,10.4629683333333
"6818",6818,6.983965
"6819",6819,19.6684266666667
"6820",6820,7.88456
"6821",6821,9.374655
"6822",6822,8.32653833333333
"6823",6823,13.5400016666667
"6824",6824,12.1901366666667
"6825",6825,12.00974
"6826",6826,16.4659716666667
"6827",6827,10.460335
"6828",6828,7.78868499999999
"6829",6829,9.310445
"6830",6830,11.5809416666667
"6831",6831,18.4265983333333
"6832",6832,15.262445
"6833",6833,13.7563716666667
"6834",6834,12.8832733333333
"6835",6835,12.7434233333333
"6836",6836,11.56191
"6837",6837,15.7095883333333
"6838",6838,17.7071566666667
"6839",6839,16.6268916666667
"6840",6840,7.78323999999999
"6841",6841,11.997495
"6842",6842,16.1722483333333
"6843",6843,11.79509
"6844",6844,15.7137183333333
"6845",6845,16.3264083333333
"6846",6846,15.6006016666667
"6847",6847,15.8078183333333
"6848",6848,14.3489983333333
"6849",6849,12.4970483333333
"6850",6850,16.7337383333333
"6851",6851,11.61307
"6852",6852,15.7392116666667
"6853",6853,16.344855
"6854",6854,9.34149333333333
"6855",6855,7.64266333333333
"6856",6856,6.94816
"6857",6857,12.56174
"6858",6858,10.8419533333333
"6859",6859,19.7891833333333
"6860",6860,12.3712983333333
"6861",6861,9.28623166666667
"6862",6862,8.6791
"6863",6863,7.464585
"6864",6864,11.1996483333333
"6865",6865,10.0223166666667
"6866",6866,19.69808
"6867",6867,17.6295633333333
"6868",6868,12.0629483333333
"6869",6869,13.7898433333333
"6870",6870,12.7014066666667
"6871",6871,7.70697
"6872",6872,8.56868666666666
"6873",6873,11.7959116666667
"6874",6874,11.0766833333333
"6875",6875,17.6591766666667
"6876",6876,12.088905
"6877",6877,10.6333283333333
"6878",6878,7.39451166666666
"6879",6879,14.4201316666667
"6880",6880,15.1067683333333
"6881",6881,13.3505483333333
"6882",6882,12.0256883333333
"6883",6883,14.298065
"6884",6884,15.3209583333333
"6885",6885,7.76154833333333
"6886",6886,11.7572366666667
"6887",6887,16.1022333333333
"6888",6888,12.17989
"6889",6889,17.673405
"6890",6890,8.98398666666666
"6891",6891,9.33785833333333
"6892",6892,14.6678616666667
"6893",6893,13.25471
"6894",6894,17.41823
"6895",6895,12.5368333333333
"6896",6896,13.540695
"6897",6897,8.74835833333333
"6898",6898,11.172415
"6899",6899,11.5834883333333
"6900",6900,8.00942666666667
"6901",6901,13.050215
"6902",6902,14.717655
"6903",6903,15.4709883333333
"6904",6904,13.8769933333333
"6905",6905,12.068125
"6906",6906,12.828385
"6907",6907,10.1898816666667
"6908",6908,10.6512783333333
"6909",6909,13.49245
"6910",6910,10.7019616666667
"6911",6911,15.1903166666667
"6912",6912,12.7789066666667
"6913",6913,12.5594683333333
"6914",6914,9.71199166666666
"6915",6915,12.5433683333333
"6916",6916,11.8332683333333
"6917",6917,8.10078666666666
"6918",6918,11.95388
"6919",6919,7.98227
"6920",6920,14.1467933333333
"6921",6921,10.396375
"6922",6922,11.7369583333333
"6923",6923,16.800065
"6924",6924,9.99073666666667
"6925",6925,17.9520433333333
"6926",6926,15.6150983333333
"6927",6927,8.63258166666666
"6928",6928,13.8051733333333
"6929",6929,11.4353183333333
"6930",6930,12.9337316666667
"6931",6931,8.62934666666666
"6932",6932,15.3606533333333
"6933",6933,12.702955
"6934",6934,15.6441716666667
"6935",6935,8.80808499999999
"6936",6936,14.504905
"6937",6937,7.81075166666666
"6938",6938,8.997505
"6939",6939,8.451
"6940",6940,18.2656433333333
"6941",6941,10.4550433333333
"6942",6942,17.7176566666667
"6943",6943,15.1931866666667
"6944",6944,15.04318
"6945",6945,10.51922
"6946",6946,10.7020833333333
"6947",6947,13.16182
"6948",6948,20.338675
"6949",6949,18.3118966666667
"6950",6950,13.32704
"6951",6951,13.5179883333333
"6952",6952,12.1053816666667
"6953",6953,13.0431866666667
"6954",6954,15.2284716666667
"6955",6955,11.04325
"6956",6956,8.14492666666667
"6957",6957,14.7577883333333
"6958",6958,7.66346666666666
"6959",6959,15.83318
"6960",6960,8.39286666666666
"6961",6961,19.591635
"6962",6962,7.03197333333333
"6963",6963,13.27249
"6964",6964,12.9100483333333
"6965",6965,12.236575
"6966",6966,11.3880883333333
"6967",6967,15.1279366666667
"6968",6968,16.7180833333333
"6969",6969,9.27638833333333
"6970",6970,7.48991333333333
"6971",6971,9.235655
"6972",6972,10.550065
"6973",6973,14.1616566666667
"6974",6974,15.63183
"6975",6975,11.7162916666667
"6976",6976,17.659775
"6977",6977,16.70121
"6978",6978,10.9172116666667
"6979",6979,15.030565
"6980",6980,16.79698
"6981",6981,10.4276633333333
"6982",6982,12.2357566666667
"6983",6983,15.23244
"6984",6984,12.37995
"6985",6985,9.65380666666667
"6986",6986,7.77593333333333
"6987",6987,12.6923883333333
"6988",6988,7.22662333333333
"6989",6989,8.03793666666666
"6990",6990,17.9927616666667
"6991",6991,11.3279866666667
"6992",6992,11.7163416666667
"6993",6993,12.3342116666667
"6994",6994,13.62441
"6995",6995,8.10893333333333
"6996",6996,9.61597166666668
"6997",6997,10.068055
"6998",6998,9.87588833333333
"6999",6999,15.529115
"7000",7000,7.68529666666667
"7001",7001,12.7801416666667
"7002",7002,12.607525
"7003",7003,14.56337
"7004",7004,11.1029916666667
"7005",7005,7.89045333333333
"7006",7006,11.6484116666667
"7007",7007,7.79151333333333
"7008",7008,11.40017
"7009",7009,9.34842666666667
"7010",7010,11.0260566666667
"7011",7011,17.3782116666667
"7012",7012,14.7678366666667
"7013",7013,14.9341283333333
"7014",7014,7.953255
"7015",7015,18.8209383333333
"7016",7016,16.6762533333333
"7017",7017,11.01777
"7018",7018,14.9423783333333
"7019",7019,7.5144
"7020",7020,7.03220333333333
"7021",7021,16.219975
"7022",7022,11.707865
"7023",7023,11.6254783333333
"7024",7024,11.34346
"7025",7025,10.5495133333333
"7026",7026,18.5252766666667
"7027",7027,7.963575
"7028",7028,18.5634383333333
"7029",7029,10.4891283333333
"7030",7030,13.30937
"7031",7031,10.7482733333333
"7032",7032,11.1448133333333
"7033",7033,12.5661466666667
"7034",7034,11.3156783333333
"7035",7035,13.3281316666667
"7036",7036,11.0403516666667
"7037",7037,14.0768
"7038",7038,9.83680833333335
"7039",7039,16.4445016666667
"7040",7040,7.624215
"7041",7041,13.5547383333333
"7042",7042,15.7563216666667
"7043",7043,11.9087233333333
"7044",7044,17.5450533333333
"7045",7045,12.0686966666667
"7046",7046,17.7366616666667
"7047",7047,14.5384666666667
"7048",7048,7.91217666666666
"7049",7049,14.30357
"7050",7050,9.19956333333333
"7051",7051,7.39243166666666
"7052",7052,7.52729333333333
"7053",7053,18.2969133333333
"7054",7054,12.7941533333333
"7055",7055,9.95068166666666
"7056",7056,16.6202883333333
"7057",7057,6.78847333333333
"7058",7058,11.02069
"7059",7059,13.7671766666667
"7060",7060,16.6413033333333
"7061",7061,13.4377116666667
"7062",7062,9.46476166666666
"7063",7063,8.72992333333332
"7064",7064,11.0217
"7065",7065,11.056775
"7066",7066,9.369495
"7067",7067,10.0302466666667
"7068",7068,13.7065683333333
"7069",7069,11.530115
"7070",7070,9.41545833333335
"7071",7071,14.9121466666667
"7072",7072,17.66776
"7073",7073,16.6370516666667
"7074",7074,12.4286166666667
"7075",7075,8.94247333333333
"7076",7076,12.029575
"7077",7077,16.1349016666667
"7078",7078,15.121635
"7079",7079,11.9217716666667
"7080",7080,16.5222883333333
"7081",7081,19.1409166666667
"7082",7082,14.74027
"7083",7083,7.88393166666667
"7084",7084,8.03000333333333
"7085",7085,10.5417683333333
"7086",7086,13.3431916666667
"7087",7087,17.7927266666667
"7088",7088,13.258315
"7089",7089,10.79889
"7090",7090,6.875995
"7091",7091,16.5486283333333
"7092",7092,14.2248683333333
"7093",7093,11.5759883333333
"7094",7094,9.4837
"7095",7095,9.70499500000001
"7096",7096,8.77116166666666
"7097",7097,16.0844083333333
"7098",7098,11.37424
"7099",7099,10.0133966666667
"7100",7100,13.2503716666667
"7101",7101,15.4670566666667
"7102",7102,11.0465083333333
"7103",7103,8.76580166666667
"7104",7104,13.5803983333333
"7105",7105,8.56056666666667
"7106",7106,7.46963166666667
"7107",7107,15.038455
"7108",7108,12.4124916666667
"7109",7109,15.4573083333333
"7110",7110,8.23658333333333
"7111",7111,11.98974
"7112",7112,13.4533083333333
"7113",7113,8.51824999999999
"7114",7114,9.61087666666666
"7115",7115,14.757305
"7116",7116,11.3801766666667
"7117",7117,12.8466583333333
"7118",7118,8.36829666666666
"7119",7119,12.681395
"7120",7120,8.46623166666667
"7121",7121,11.2963
"7122",7122,11.5781233333333
"7123",7123,11.9159283333333
"7124",7124,9.42163333333333
"7125",7125,9.29134666666666
"7126",7126,8.27111333333333
"7127",7127,13.1855066666667
"7128",7128,11.8954583333333
"7129",7129,14.8336216666667
"7130",7130,17.3902416666667
"7131",7131,9.98046166666666
"7132",7132,15.2465083333333
"7133",7133,11.870365
"7134",7134,11.6612433333333
"7135",7135,14.9876433333333
"7136",7136,11.3868783333333
"7137",7137,9.38322666666666
"7138",7138,7.88482333333333
"7139",7139,10.700645
"7140",7140,14.9893866666667
"7141",7141,15.2960716666667
"7142",7142,13.00145
"7143",7143,7.118435
"7144",7144,12.23136
"7145",7145,17.9425416666667
"7146",7146,12.4371966666667
"7147",7147,11.713705
"7148",7148,7.59258333333333
"7149",7149,9.31347166666668
"7150",7150,13.5132983333333
"7151",7151,11.988865
"7152",7152,12.5854966666667
"7153",7153,7.72666833333333
"7154",7154,14.7273016666667
"7155",7155,16.50908
"7156",7156,16.5123016666667
"7157",7157,14.120365
"7158",7158,11.3582866666667
"7159",7159,11.5598516666667
"7160",7160,11.807935
"7161",7161,11.9021666666667
"7162",7162,16.0865933333333
"7163",7163,9.12123333333333
"7164",7164,10.091235
"7165",7165,9.61213166666667
"7166",7166,12.83748
"7167",7167,11.67684
"7168",7168,16.1998783333333
"7169",7169,15.5125783333333
"7170",7170,7.05716666666667
"7171",7171,15.580565
"7172",7172,11.58409
"7173",7173,7.93348833333332
"7174",7174,9.139255
"7175",7175,14.2696933333333
"7176",7176,13.6951966666667
"7177",7177,8.37073166666666
"7178",7178,7.09070833333333
"7179",7179,12.233415
"7180",7180,7.21300333333333
"7181",7181,14.0000166666667
"7182",7182,10.0656116666667
"7183",7183,14.4069433333333
"7184",7184,17.22806
"7185",7185,14.6187283333333
"7186",7186,7.63969
"7187",7187,13.2164033333333
"7188",7188,15.562895
"7189",7189,14.96479
"7190",7190,15.5346266666667
"7191",7191,12.9336566666667
"7192",7192,16.160395
"7193",7193,15.0878366666667
"7194",7194,16.2059816666667
"7195",7195,18.5262766666667
"7196",7196,14.3428983333333
"7197",7197,8.60965666666667
"7198",7198,11.1889066666667
"7199",7199,12.2174933333333
"7200",7200,11.3562783333333
"7201",7201,7.60997833333333
"7202",7202,10.0726833333333
"7203",7203,7.18503333333333
"7204",7204,10.5322316666667
"7205",7205,16.246805
"7206",7206,16.854185
"7207",7207,11.2259
"7208",7208,10.63836
"7209",7209,18.3329966666667
"7210",7210,11.038445
"7211",7211,8.29163
"7212",7212,7.09447
"7213",7213,8.48157333333334
"7214",7214,9.00851
"7215",7215,15.0313016666667
"7216",7216,7.63255833333333
"7217",7217,6.71971333333333
"7218",7218,15.6395533333333
"7219",7219,17.9023683333333
"7220",7220,18.9695683333333
"7221",7221,12.5371283333333
"7222",7222,12.6904066666667
"7223",7223,17.2857316666667
"7224",7224,7.35753833333334
"7225",7225,10.077305
"7226",7226,14.5607533333333
"7227",7227,15.8102466666667
"7228",7228,16.6060816666667
"7229",7229,9.45060333333333
"7230",7230,14.658095
"7231",7231,14.485375
"7232",7232,10.2303833333333
"7233",7233,12.99601
"7234",7234,14.8439116666667
"7235",7235,15.5951816666667
"7236",7236,14.4046416666667
"7237",7237,10.9104516666667
"7238",7238,13.19926
"7239",7239,7.069785
"7240",7240,13.9002066666667
"7241",7241,13.24151
"7242",7242,17.1090066666667
"7243",7243,10.2679316666667
"7244",7244,10.9275983333333
"7245",7245,8.18386333333333
"7246",7246,9.819315
"7247",7247,9.37213666666666
"7248",7248,8.40493
"7249",7249,10.8464116666667
"7250",7250,9.35981166666667
"7251",7251,14.2815816666667
"7252",7252,7.47076166666666
"7253",7253,10.1299233333333
"7254",7254,8.39114166666666
"7255",7255,13.4231216666667
"7256",7256,14.3014166666667
"7257",7257,6.85466
"7258",7258,12.071195
"7259",7259,9.12517333333334
"7260",7260,12.4745333333333
"7261",7261,14.815125
"7262",7262,9.38672
"7263",7263,17.6874833333333
"7264",7264,7.71355999999999
"7265",7265,10.6243133333333
"7266",7266,14.6328216666667
"7267",7267,7.72236166666667
"7268",7268,9.70197333333334
"7269",7269,12.8099216666667
"7270",7270,9.71881166666667
"7271",7271,14.655155
"7272",7272,9.28813666666667
"7273",7273,17.8196783333333
"7274",7274,12.6198416666667
"7275",7275,10.8790966666667
"7276",7276,12.77552
"7277",7277,13.9138433333333
"7278",7278,9.14201666666666
"7279",7279,10.7883566666667
"7280",7280,13.7687583333333
"7281",7281,7.31274333333333
"7282",7282,16.6633283333333
"7283",7283,16.56917
"7284",7284,8.1757
"7285",7285,19.6012483333333
"7286",7286,11.4435466666667
"7287",7287,10.697045
"7288",7288,13.8191783333333
"7289",7289,13.5698383333333
"7290",7290,13.185195
"7291",7291,13.1559383333333
"7292",7292,16.80505
"7293",7293,7.87363
"7294",7294,16.0573733333333
"7295",7295,16.5878416666667
"7296",7296,7.12391333333334
"7297",7297,10.35945
"7298",7298,13.3630216666667
"7299",7299,18.6344433333333
"7300",7300,14.588695
"7301",7301,9.55090999999999
"7302",7302,12.5378583333333
"7303",7303,13.2782966666667
"7304",7304,10.80878
"7305",7305,14.1432466666667
"7306",7306,12.55384
"7307",7307,11.4938683333333
"7308",7308,19.6151116666667
"7309",7309,13.498615
"7310",7310,13.6848716666667
"7311",7311,13.3794683333333
"7312",7312,13.088865
"7313",7313,13.52435
"7314",7314,10.245495
"7315",7315,16.8820916666667
"7316",7316,13.0897566666667
"7317",7317,7.48835333333333
"7318",7318,17.148
"7319",7319,14.3136733333333
"7320",7320,15.9941633333333
"7321",7321,13.0885016666667
"7322",7322,10.021085
"7323",7323,13.8230966666667
"7324",7324,11.5581316666667
"7325",7325,9.659395
"7326",7326,14.0088083333333
"7327",7327,9.483135
"7328",7328,16.1989266666667
"7329",7329,14.10372
"7330",7330,13.48117
"7331",7331,14.5584916666667
"7332",7332,7.74611833333333
"7333",7333,18.5494516666667
"7334",7334,8.58434333333333
"7335",7335,10.7236766666667
"7336",7336,10.4983383333333
"7337",7337,13.402965
"7338",7338,9.65925
"7339",7339,7.338945
"7340",7340,19.33351
"7341",7341,11.694255
"7342",7342,12.5547883333333
"7343",7343,9.97639499999999
"7344",7344,17.7204883333333
"7345",7345,10.306605
"7346",7346,9.722545
"7347",7347,6.816935
"7348",7348,14.3631033333333
"7349",7349,11.3630416666667
"7350",7350,12.58791
"7351",7351,17.6569266666667
"7352",7352,13.6191083333333
"7353",7353,15.67633
"7354",7354,14.8974666666667
"7355",7355,10.76138
"7356",7356,12.0924016666667
"7357",7357,10.4080483333333
"7358",7358,14.8264616666667
"7359",7359,11.820575
"7360",7360,15.7698433333333
"7361",7361,15.202645
"7362",7362,17.8622333333333
"7363",7363,9.37065166666666
"7364",7364,12.830155
"7365",7365,15.038015
"7366",7366,8.12378666666666
"7367",7367,14.20777
"7368",7368,13.6069633333333
"7369",7369,10.4852033333333
"7370",7370,14.3155283333333
"7371",7371,13.1287183333333
"7372",7372,8.11185333333334
"7373",7373,7.13584499999999
"7374",7374,10.0129566666667
"7375",7375,15.01671
"7376",7376,10.8608433333333
"7377",7377,13.76313
"7378",7378,9.93416666666666
"7379",7379,13.3696183333333
"7380",7380,18.2982133333333
"7381",7381,12.0838983333333
"7382",7382,7.06956666666667
"7383",7383,13.2901933333333
"7384",7384,14.51939
"7385",7385,7.77198666666666
"7386",7386,14.9304316666667
"7387",7387,8.052265
"7388",7388,8.22216166666667
"7389",7389,15.9045116666667
"7390",7390,11.704085
"7391",7391,15.289415
"7392",7392,11.0446566666667
"7393",7393,11.0984583333333
"7394",7394,9.64706166666668
"7395",7395,9.07551333333334
"7396",7396,8.768615
"7397",7397,12.6460783333333
"7398",7398,10.7441816666667
"7399",7399,12.5995966666667
"7400",7400,8.15338833333334
"7401",7401,16.0051183333333
"7402",7402,9.84756166666667
"7403",7403,8.22895833333333
"7404",7404,10.0554866666667
"7405",7405,10.4835833333333
"7406",7406,11.2632083333333
"7407",7407,10.4554283333333
"7408",7408,17.1025716666667
"7409",7409,16.2284133333333
"7410",7410,12.334155
"7411",7411,7.71391
"7412",7412,14.682325
"7413",7413,11.5786666666667
"7414",7414,11.0791966666667
"7415",7415,10.3226916666667
"7416",7416,10.98848
"7417",7417,6.99821333333333
"7418",7418,14.8421966666667
"7419",7419,8.02952666666666
"7420",7420,10.2201083333333
"7421",7421,17.2342683333333
"7422",7422,8.01385666666666
"7423",7423,18.2187216666667
"7424",7424,16.0518666666667
"7425",7425,10.65932
"7426",7426,17.7704316666667
"7427",7427,15.4354366666667
"7428",7428,14.0173266666667
"7429",7429,14.2302533333333
"7430",7430,16.8422783333333
"7431",7431,12.118365
"7432",7432,14.8027766666667
"7433",7433,8.90758166666666
"7434",7434,7.64545166666667
"7435",7435,12.597825
"7436",7436,14.931905
"7437",7437,13.1437983333333
"7438",7438,7.96643333333333
"7439",7439,9.409685
"7440",7440,16.4073933333333
"7441",7441,16.2562766666667
"7442",7442,13.104715
"7443",7443,13.271305
"7444",7444,13.406415
"7445",7445,9.83126666666667
"7446",7446,14.1522183333333
"7447",7447,7.65246166666666
"7448",7448,15.7610783333333
"7449",7449,9.45664833333333
"7450",7450,13.1303516666667
"7451",7451,8.78444
"7452",7452,11.996205
"7453",7453,13.62363
"7454",7454,11.3416183333333
"7455",7455,16.4789766666667
"7456",7456,11.3575733333333
"7457",7457,12.131355
"7458",7458,8.67805833333333
"7459",7459,15.4132133333333
"7460",7460,7.16715333333333
"7461",7461,19.2173166666667
"7462",7462,14.63315
"7463",7463,17.7610666666667
"7464",7464,12.25814
"7465",7465,14.2169666666667
"7466",7466,17.201215
"7467",7467,15.5469383333333
"7468",7468,14.8320033333333
"7469",7469,7.43519666666667
"7470",7470,15.7271116666667
"7471",7471,12.996385
"7472",7472,12.2648916666667
"7473",7473,17.5803383333333
"7474",7474,13.1274783333333
"7475",7475,10.6334466666667
"7476",7476,12.5028933333333
"7477",7477,13.4328016666667
"7478",7478,11.6681283333333
"7479",7479,14.887095
"7480",7480,15.1590733333333
"7481",7481,8.08075666666666
"7482",7482,8.717735
"7483",7483,11.6432733333333
"7484",7484,17.6695333333333
"7485",7485,7.29145
"7486",7486,14.1583266666667
"7487",7487,12.37092
"7488",7488,10.1356383333333
"7489",7489,10.4332166666667
"7490",7490,7.89079
"7491",7491,11.4778266666667
"7492",7492,10.0921866666667
"7493",7493,12.2227266666667
"7494",7494,11.8010733333333
"7495",7495,11.0135583333333
"7496",7496,19.1799666666667
"7497",7497,10.53356
"7498",7498,17.1919516666667
"7499",7499,14.5426766666667
"7500",7500,12.42411
"7501",7501,9.64073833333334
"7502",7502,16.0189416666667
"7503",7503,13.11668
"7504",7504,13.8314266666667
"7505",7505,13.8236966666667
"7506",7506,18.0173
"7507",7507,8.13013166666666
"7508",7508,17.7341066666667
"7509",7509,8.70141333333334
"7510",7510,14.4976166666667
"7511",7511,14.4492433333333
"7512",7512,13.2209483333333
"7513",7513,17.129855
"7514",7514,12.9128666666667
"7515",7515,7.81408833333333
"7516",7516,11.087905
"7517",7517,14.5146666666667
"7518",7518,11.430165
"7519",7519,10.53344
"7520",7520,7.74638666666667
"7521",7521,13.9802866666667
"7522",7522,12.4956183333333
"7523",7523,13.4861983333333
"7524",7524,11.238165
"7525",7525,8.82527166666667
"7526",7526,14.4561033333333
"7527",7527,12.2486783333333
"7528",7528,8.152725
"7529",7529,11.1945216666667
"7530",7530,7.97789333333333
"7531",7531,12.0673316666667
"7532",7532,18.2902466666667
"7533",7533,10.594785
"7534",7534,9.50374166666667
"7535",7535,9.83126000000001
"7536",7536,8.51999
"7537",7537,10.5512866666667
"7538",7538,10.8940733333333
"7539",7539,10.068525
"7540",7540,10.0614466666667
"7541",7541,17.0842883333333
"7542",7542,14.7386883333333
"7543",7543,10.283825
"7544",7544,14.2141816666667
"7545",7545,16.7592033333333
"7546",7546,11.5137216666667
"7547",7547,6.70213666666667
"7548",7548,13.74376
"7549",7549,17.5211766666667
"7550",7550,13.5910483333333
"7551",7551,14.08468
"7552",7552,10.72329
"7553",7553,16.2394316666667
"7554",7554,12.9356333333333
"7555",7555,6.88335333333333
"7556",7556,17.490295
"7557",7557,14.96713
"7558",7558,7.220925
"7559",7559,13.230525
"7560",7560,12.5038166666667
"7561",7561,7.39156333333333
"7562",7562,11.1400683333333
"7563",7563,14.7326316666667
"7564",7564,7.21585333333333
"7565",7565,10.3689633333333
"7566",7566,9.964355
"7567",7567,13.8028966666667
"7568",7568,13.4270316666667
"7569",7569,11.6931483333333
"7570",7570,10.6799033333333
"7571",7571,9.64906
"7572",7572,13.3153583333333
"7573",7573,7.27621833333333
"7574",7574,18.4335183333333
"7575",7575,13.3317966666667
"7576",7576,11.87508
"7577",7577,8.472125
"7578",7578,10.87183
"7579",7579,9.40320166666667
"7580",7580,11.6667666666667
"7581",7581,7.48409166666667
"7582",7582,9.86628333333334
"7583",7583,18.272145
"7584",7584,12.9956016666667
"7585",7585,14.94164
"7586",7586,12.86324
"7587",7587,8.88421666666667
"7588",7588,10.7066933333333
"7589",7589,12.3295633333333
"7590",7590,15.2578866666667
"7591",7591,14.3797966666667
"7592",7592,7.88469
"7593",7593,14.83948
"7594",7594,10.850765
"7595",7595,11.33983
"7596",7596,10.9218616666667
"7597",7597,9.70821666666666
"7598",7598,14.1977316666667
"7599",7599,9.04134333333333
"7600",7600,7.34802666666666
"7601",7601,14.89969
"7602",7602,18.90345
"7603",7603,15.7819183333333
"7604",7604,10.3686883333333
"7605",7605,11.0569783333333
"7606",7606,14.9611483333333
"7607",7607,10.7227366666667
"7608",7608,9.16655833333333
"7609",7609,12.7857366666667
"7610",7610,7.73105833333333
"7611",7611,14.5480716666667
"7612",7612,15.2243733333333
"7613",7613,12.2577666666667
"7614",7614,11.912105
"7615",7615,11.1023433333333
"7616",7616,13.8795266666667
"7617",7617,13.48646
"7618",7618,8.08376
"7619",7619,17.39386
"7620",7620,15.67861
"7621",7621,11.969745
"7622",7622,14.50919
"7623",7623,9.17069833333333
"7624",7624,8.85576166666666
"7625",7625,14.4808516666667
"7626",7626,14.7385616666667
"7627",7627,14.7575766666667
"7628",7628,16.3084066666667
"7629",7629,10.9194716666667
"7630",7630,9.70221333333333
"7631",7631,14.9948233333333
"7632",7632,11.58247
"7633",7633,13.496235
"7634",7634,8.68920833333333
"7635",7635,15.1255533333333
"7636",7636,7.69452
"7637",7637,17.0724533333333
"7638",7638,15.722985
"7639",7639,18.594445
"7640",7640,18.2440666666667
"7641",7641,10.3619133333333
"7642",7642,7.33221
"7643",7643,11.4874266666667
"7644",7644,10.19108
"7645",7645,7.023275
"7646",7646,15.1907966666667
"7647",7647,14.1028116666667
"7648",7648,18.4968366666667
"7649",7649,12.6405416666667
"7650",7650,16.13516
"7651",7651,6.83936166666666
"7652",7652,14.4074166666667
"7653",7653,9.40842833333333
"7654",7654,11.2506633333333
"7655",7655,14.3063533333333
"7656",7656,11.6884183333333
"7657",7657,17.9731966666667
"7658",7658,11.3701766666667
"7659",7659,12.5956566666667
"7660",7660,16.07036
"7661",7661,8.35705833333333
"7662",7662,10.1126366666667
"7663",7663,6.96942333333333
"7664",7664,7.16239166666667
"7665",7665,14.0180666666667
"7666",7666,15.29821
"7667",7667,8.69295666666666
"7668",7668,16.5056116666667
"7669",7669,9.17692
"7670",7670,17.175865
"7671",7671,8.89121166666668
"7672",7672,7.869715
"7673",7673,12.6573883333333
"7674",7674,16.1461716666667
"7675",7675,6.96986833333334
"7676",7676,16.79465
"7677",7677,8.13800666666666
"7678",7678,11.823095
"7679",7679,15.8057983333333
"7680",7680,6.89176666666667
"7681",7681,13.7494083333333
"7682",7682,16.5728583333333
"7683",7683,13.3656683333333
"7684",7684,12.88156
"7685",7685,10.4708983333333
"7686",7686,10.6206066666667
"7687",7687,13.3365566666667
"7688",7688,14.4775583333333
"7689",7689,11.478255
"7690",7690,9.94812000000001
"7691",7691,9.65371
"7692",7692,8.429835
"7693",7693,9.38617666666667
"7694",7694,8.66391166666666
"7695",7695,14.9235183333333
"7696",7696,14.9398133333333
"7697",7697,12.4537633333333
"7698",7698,8.99280333333332
"7699",7699,8.01801166666667
"7700",7700,7.40610833333333
"7701",7701,12.9693933333333
"7702",7702,13.01826
"7703",7703,14.6447033333333
"7704",7704,7.31067666666666
"7705",7705,10.00558
"7706",7706,13.5640016666667
"7707",7707,19.5369016666667
"7708",7708,11.5549733333333
"7709",7709,15.6652466666667
"7710",7710,10.1531066666667
"7711",7711,19.81061
"7712",7712,7.887175
"7713",7713,11.6220966666667
"7714",7714,8.16233333333333
"7715",7715,7.09734166666667
"7716",7716,13.71832
"7717",7717,17.5961766666667
"7718",7718,7.36868666666667
"7719",7719,10.338405
"7720",7720,11.9371866666667
"7721",7721,13.9787816666667
"7722",7722,14.7377216666667
"7723",7723,8.93341
"7724",7724,14.9383016666667
"7725",7725,16.54768
"7726",7726,11.4543633333333
"7727",7727,6.76462666666667
"7728",7728,7.31763333333333
"7729",7729,16.6261
"7730",7730,16.9667033333333
"7731",7731,9.86618166666666
"7732",7732,6.7555
"7733",7733,13.746285
"7734",7734,14.4098816666667
"7735",7735,8.82937833333333
"7736",7736,9.48066
"7737",7737,7.13184
"7738",7738,15.8125916666667
"7739",7739,7.69764833333333
"7740",7740,14.3504783333333
"7741",7741,13.6062483333333
"7742",7742,8.54422833333333
"7743",7743,11.003985
"7744",7744,10.46753
"7745",7745,12.8511333333333
"7746",7746,9.241055
"7747",7747,10.7617666666667
"7748",7748,14.389905
"7749",7749,9.33096999999999
"7750",7750,10.4562366666667
"7751",7751,17.364415
"7752",7752,7.79801333333333
"7753",7753,13.4870883333333
"7754",7754,14.3552283333333
"7755",7755,8.80386999999999
"7756",7756,6.69045333333333
"7757",7757,7.358175
"7758",7758,15.8392683333333
"7759",7759,8.59819833333333
"7760",7760,13.257015
"7761",7761,8.59102833333333
"7762",7762,9.63709833333333
"7763",7763,9.95525833333333
"7764",7764,13.49848
"7765",7765,13.8189383333333
"7766",7766,9.92098166666666
"7767",7767,10.6317783333333
"7768",7768,8.60239
"7769",7769,6.66584666666667
"7770",7770,16.3098233333333
"7771",7771,8.81510833333333
"7772",7772,7.18367
"7773",7773,10.356715
"7774",7774,11.4503016666667
"7775",7775,11.7367833333333
"7776",7776,15.9447383333333
"7777",7777,17.016985
"7778",7778,13.3762466666667
"7779",7779,10.3364916666667
"7780",7780,16.2312483333333
"7781",7781,9.75804333333334
"7782",7782,10.7123283333333
"7783",7783,16.6073833333333
"7784",7784,8.838895
"7785",7785,15.37188
"7786",7786,12.674675
"7787",7787,9.79562333333333
"7788",7788,6.75321
"7789",7789,10.6517533333333
"7790",7790,7.74276833333333
"7791",7791,13.1313283333333
"7792",7792,10.9165483333333
"7793",7793,10.6378866666667
"7794",7794,15.3364716666667
"7795",7795,7.037295
"7796",7796,17.2173533333333
"7797",7797,9.901985
"7798",7798,17.2754516666667
"7799",7799,10.17049
"7800",7800,11.4687666666667
"7801",7801,17.4772683333333
"7802",7802,20.1893716666667
"7803",7803,17.1706716666667
"7804",7804,14.4491666666667
"7805",7805,12.406735
"7806",7806,12.0303216666667
"7807",7807,15.2717716666667
"7808",7808,7.05573
"7809",7809,9.88580166666666
"7810",7810,9.65854166666666
"7811",7811,13.3568116666667
"7812",7812,18.2313216666667
"7813",7813,7.58454166666667
"7814",7814,13.1639033333333
"7815",7815,12.3349866666667
"7816",7816,10.6128783333333
"7817",7817,15.6568333333333
"7818",7818,11.6282433333333
"7819",7819,16.7861166666667
"7820",7820,13.438085
"7821",7821,12.8253766666667
"7822",7822,11.59296
"7823",7823,11.6702816666667
"7824",7824,14.3763783333333
"7825",7825,11.0571483333333
"7826",7826,13.34158
"7827",7827,11.4367433333333
"7828",7828,19.0664366666667
"7829",7829,13.1096633333333
"7830",7830,8.14439
"7831",7831,18.2035066666667
"7832",7832,15.07678
"7833",7833,8.179105
"7834",7834,9.14637833333333
"7835",7835,13.4534533333333
"7836",7836,10.778225
"7837",7837,8.89564333333333
"7838",7838,19.5238616666667
"7839",7839,18.7103466666667
"7840",7840,11.6926583333333
"7841",7841,7.72835333333334
"7842",7842,9.32810833333333
"7843",7843,13.2952583333333
"7844",7844,17.4276116666667
"7845",7845,8.65544333333333
"7846",7846,12.8508816666667
"7847",7847,10.082125
"7848",7848,15.009135
"7849",7849,12.0821966666667
"7850",7850,7.18103
"7851",7851,14.4569333333333
"7852",7852,10.636385
"7853",7853,8.148625
"7854",7854,12.9822733333333
"7855",7855,6.78792
"7856",7856,7.421105
"7857",7857,7.282655
"7858",7858,12.38521
"7859",7859,9.67922833333333
"7860",7860,13.312225
"7861",7861,14.168635
"7862",7862,8.28335
"7863",7863,13.1559383333333
"7864",7864,10.7998766666667
"7865",7865,8.22762833333333
"7866",7866,12.7200133333333
"7867",7867,12.9332033333333
"7868",7868,10.3904416666667
"7869",7869,11.455615
"7870",7870,11.60885
"7871",7871,8.18592666666667
"7872",7872,8.20249333333333
"7873",7873,21.492285
"7874",7874,6.98911666666667
"7875",7875,12.96093
"7876",7876,12.8582016666667
"7877",7877,10.6632716666667
"7878",7878,8.89722166666667
"7879",7879,11.1491766666667
"7880",7880,7.10219833333334
"7881",7881,15.944125
"7882",7882,16.83442
"7883",7883,13.4650833333333
"7884",7884,13.4893216666667
"7885",7885,11.9671333333333
"7886",7886,9.12425666666666
"7887",7887,13.066595
"7888",7888,9.45887833333334
"7889",7889,12.9688
"7890",7890,13.796555
"7891",7891,15.7088883333333
"7892",7892,10.0862616666667
"7893",7893,7.682665
"7894",7894,7.75169666666666
"7895",7895,10.148875
"7896",7896,13.1165683333333
"7897",7897,7.71976333333334
"7898",7898,14.8245733333333
"7899",7899,12.7612133333333
"7900",7900,14.0844983333333
"7901",7901,7.87592833333333
"7902",7902,8.50514833333333
"7903",7903,16.7409466666667
"7904",7904,11.8636566666667
"7905",7905,11.25929
"7906",7906,15.77933
"7907",7907,11.6302633333333
"7908",7908,12.3657133333333
"7909",7909,7.168835
"7910",7910,11.27053
"7911",7911,7.64492666666666
"7912",7912,9.15341666666666
"7913",7913,12.663825
"7914",7914,10.013825
"7915",7915,8.553065
"7916",7916,10.4612233333333
"7917",7917,7.559585
"7918",7918,7.33548
"7919",7919,6.76444
"7920",7920,13.66905
"7921",7921,15.367255
"7922",7922,17.3355
"7923",7923,17.7068016666667
"7924",7924,12.93657
"7925",7925,13.28526
"7926",7926,12.806075
"7927",7927,11.840625
"7928",7928,7.89116666666667
"7929",7929,9.34115333333333
"7930",7930,9.400055
"7931",7931,12.596465
"7932",7932,12.3784816666667
"7933",7933,17.01076
"7934",7934,10.5521616666667
"7935",7935,15.267075
"7936",7936,11.499285
"7937",7937,8.95941833333333
"7938",7938,12.59901
"7939",7939,12.382095
"7940",7940,7.67430333333333
"7941",7941,6.98903666666667
"7942",7942,17.2887583333333
"7943",7943,7.67155333333333
"7944",7944,17.3884333333333
"7945",7945,13.47182
"7946",7946,15.704935
"7947",7947,15.40484
"7948",7948,6.78531666666667
"7949",7949,14.9105083333333
"7950",7950,9.12705
"7951",7951,12.7054966666667
"7952",7952,13.2702383333333
"7953",7953,16.6049433333333
"7954",7954,13.74973
"7955",7955,13.76603
"7956",7956,17.09584
"7957",7957,14.91087
"7958",7958,9.96699333333333
"7959",7959,12.8444233333333
"7960",7960,12.6318283333333
"7961",7961,11.4219316666667
"7962",7962,17.13075
"7963",7963,8.47277666666666
"7964",7964,13.2782066666667
"7965",7965,6.67974333333333
"7966",7966,11.36932
"7967",7967,16.1649366666667
"7968",7968,10.7726633333333
"7969",7969,7.99228
"7970",7970,15.5613
"7971",7971,8.46230499999999
"7972",7972,11.852805
"7973",7973,9.31626666666668
"7974",7974,15.5924366666667
"7975",7975,7.72804833333333
"7976",7976,7.24293666666666
"7977",7977,9.517795
"7978",7978,14.4763283333333
"7979",7979,9.10316666666667
"7980",7980,7.87442833333333
"7981",7981,12.5383516666667
"7982",7982,13.51386
"7983",7983,11.03637
"7984",7984,11.979645
"7985",7985,11.5178116666667
"7986",7986,6.90876666666667
"7987",7987,15.7800483333333
"7988",7988,9.84153000000001
"7989",7989,13.7657483333333
"7990",7990,14.0291366666667
"7991",7991,7.454295
"7992",7992,11.7024966666667
"7993",7993,15.99628
"7994",7994,7.93340333333333
"7995",7995,12.20258
"7996",7996,14.2495516666667
"7997",7997,13.821185
"7998",7998,10.6009933333333
"7999",7999,8.75788166666667
"8000",8000,7.85655333333333
"8001",8001,9.30509
"8002",8002,7.363895
"8003",8003,17.6310683333333
"8004",8004,16.5972233333333
"8005",8005,7.08489833333333
"8006",8006,7.21298
"8007",8007,15.67546
"8008",8008,12.934835
"8009",8009,12.564005
"8010",8010,7.23363
"8011",8011,13.6747433333333
"8012",8012,8.37212666666666
"8013",8013,8.40219833333333
"8014",8014,14.4617383333333
"8015",8015,8.03908333333333
"8016",8016,11.6602483333333
"8017",8017,8.84485333333333
"8018",8018,10.3382166666667
"8019",8019,10.968345
"8020",8020,10.5855583333333
"8021",8021,14.3245833333333
"8022",8022,11.3981316666667
"8023",8023,9.49550666666667
"8024",8024,11.3686566666667
"8025",8025,7.38301
"8026",8026,7.877285
"8027",8027,15.420685
"8028",8028,12.707705
"8029",8029,12.5038283333333
"8030",8030,14.0436583333333
"8031",8031,17.6940533333333
"8032",8032,17.6117233333333
"8033",8033,16.54181
"8034",8034,13.81469
"8035",8035,9.40786333333333
"8036",8036,11.8805333333333
"8037",8037,7.94939166666666
"8038",8038,10.0659516666667
"8039",8039,8.25662833333333
"8040",8040,12.0307816666667
"8041",8041,13.99151
"8042",8042,16.961485
"8043",8043,9.53520333333333
"8044",8044,10.50331
"8045",8045,13.65882
"8046",8046,12.6572483333333
"8047",8047,15.8179883333333
"8048",8048,7.61917
"8049",8049,17.5901816666667
"8050",8050,13.5079333333333
"8051",8051,12.5439616666667
"8052",8052,14.7337833333333
"8053",8053,9.81430166666666
"8054",8054,10.2011766666667
"8055",8055,10.4034183333333
"8056",8056,13.3206566666667
"8057",8057,17.5163383333333
"8058",8058,10.4649766666667
"8059",8059,17.3759533333333
"8060",8060,11.1232516666667
"8061",8061,12.5883983333333
"8062",8062,8.97861666666667
"8063",8063,7.15169
"8064",8064,9.56165333333333
"8065",8065,13.7688683333333
"8066",8066,8.35176833333333
"8067",8067,16.715315
"8068",8068,11.9778816666667
"8069",8069,10.9732466666667
"8070",8070,13.9189333333333
"8071",8071,15.6476483333333
"8072",8072,7.98229
"8073",8073,8.15031
"8074",8074,12.9850483333333
"8075",8075,15.4123116666667
"8076",8076,10.41965
"8077",8077,16.1007016666667
"8078",8078,13.790455
"8079",8079,11.8121933333333
"8080",8080,9.51938833333333
"8081",8081,15.2898583333333
"8082",8082,19.9120066666667
"8083",8083,7.73311666666666
"8084",8084,8.44215
"8085",8085,13.77103
"8086",8086,7.28937
"8087",8087,16.0603016666667
"8088",8088,8.309735
"8089",8089,14.8399566666667
"8090",8090,11.9670433333333
"8091",8091,15.3443783333333
"8092",8092,12.1091866666667
"8093",8093,15.167045
"8094",8094,8.3875
"8095",8095,14.0567516666667
"8096",8096,14.421815
"8097",8097,11.1031083333333
"8098",8098,15.4981966666667
"8099",8099,12.70876
"8100",8100,16.62962
"8101",8101,6.86326833333333
"8102",8102,17.2569883333333
"8103",8103,7.53238833333333
"8104",8104,14.7796366666667
"8105",8105,11.656515
"8106",8106,16.2015033333333
"8107",8107,13.5616066666667
"8108",8108,13.83691
"8109",8109,7.58804166666666
"8110",8110,17.4774533333333
"8111",8111,11.9371816666667
"8112",8112,9.692575
"8113",8113,7.97567666666667
"8114",8114,15.1915033333333
"8115",8115,9.87864333333335
"8116",8116,8.45335333333332
"8117",8117,10.196225
"8118",8118,13.3937083333333
"8119",8119,8.49787
"8120",8120,6.92349
"8121",8121,10.7352183333333
"8122",8122,12.47493
"8123",8123,15.1080633333333
"8124",8124,6.79281833333333
"8125",8125,14.6099783333333
"8126",8126,15.3375783333333
"8127",8127,11.40983
"8128",8128,13.4887233333333
"8129",8129,7.62572
"8130",8130,12.8089383333333
"8131",8131,14.8530816666667
"8132",8132,15.505795
"8133",8133,8.35796333333333
"8134",8134,14.2814916666667
"8135",8135,12.8881233333333
"8136",8136,7.75666166666667
"8137",8137,13.6302033333333
"8138",8138,15.7101433333333
"8139",8139,13.3451566666667
"8140",8140,11.5088016666667
"8141",8141,15.4539233333333
"8142",8142,13.2221016666667
"8143",8143,15.89265
"8144",8144,17.578655
"8145",8145,13.3803216666667
"8146",8146,10.0888433333333
"8147",8147,7.376585
"8148",8148,7.71275
"8149",8149,8.508985
"8150",8150,8.634825
"8151",8151,13.4166733333333
"8152",8152,11.5896033333333
"8153",8153,14.46035
"8154",8154,12.9076416666667
"8155",8155,12.5765083333333
"8156",8156,7.89478666666667
"8157",8157,12.3715783333333
"8158",8158,15.4912066666667
"8159",8159,12.24025
"8160",8160,10.9660783333333
"8161",8161,15.8768933333333
"8162",8162,11.4589433333333
"8163",8163,12.3394016666667
"8164",8164,10.2241366666667
"8165",8165,12.4504283333333
"8166",8166,15.3147433333333
"8167",8167,15.2355366666667
"8168",8168,16.7240466666667
"8169",8169,7.45274999999999
"8170",8170,14.6859066666667
"8171",8171,10.115655
"8172",8172,17.165015
"8173",8173,15.618395
"8174",8174,7.74081333333333
"8175",8175,11.3370283333333
"8176",8176,7.50673
"8177",8177,14.3542616666667
"8178",8178,12.61232
"8179",8179,10.50741
"8180",8180,12.0835083333333
"8181",8181,8.37860666666667
"8182",8182,11.5449933333333
"8183",8183,11.5142516666667
"8184",8184,13.0950316666667
"8185",8185,17.00483
"8186",8186,8.79311666666668
"8187",8187,14.888815
"8188",8188,15.05663
"8189",8189,14.878095
"8190",8190,15.6306983333333
"8191",8191,11.3346416666667
"8192",8192,10.6594583333333
"8193",8193,12.9757816666667
"8194",8194,8.96034499999999
"8195",8195,12.8390016666667
"8196",8196,12.4813966666667
"8197",8197,16.832925
"8198",8198,14.067865
"8199",8199,6.99927166666667
"8200",8200,16.8750466666667
"8201",8201,10.59261
"8202",8202,8.44009
"8203",8203,14.4093266666667
"8204",8204,13.8293766666667
"8205",8205,9.77666833333334
"8206",8206,15.5969633333333
"8207",8207,12.1365183333333
"8208",8208,8.77079333333333
"8209",8209,14.2574216666667
"8210",8210,12.7795983333333
"8211",8211,10.7374016666667
"8212",8212,13.9401066666667
"8213",8213,8.06566833333333
"8214",8214,7.42794333333333
"8215",8215,9.87086166666667
"8216",8216,15.5295583333333
"8217",8217,15.243125
"8218",8218,19.0112633333333
"8219",8219,8.44669499999999
"8220",8220,16.04199
"8221",8221,10.9785683333333
"8222",8222,16.967295
"8223",8223,7.65944166666666
"8224",8224,10.0035316666667
"8225",8225,14.88478
"8226",8226,8.25319666666666
"8227",8227,9.37102333333333
"8228",8228,10.1929033333333
"8229",8229,10.12028
"8230",8230,15.617605
"8231",8231,15.563005
"8232",8232,18.9352583333333
"8233",8233,11.2596633333333
"8234",8234,11.9486283333333
"8235",8235,9.05719666666667
"8236",8236,10.4949933333333
"8237",8237,14.4928683333333
"8238",8238,10.4940216666667
"8239",8239,13.73956
"8240",8240,8.19660833333333
"8241",8241,10.5846266666667
"8242",8242,14.55581
"8243",8243,9.73636999999999
"8244",8244,7.21207833333333
"8245",8245,11.680305
"8246",8246,14.4558316666667
"8247",8247,16.105005
"8248",8248,12.3441433333333
"8249",8249,12.386315
"8250",8250,7.59931333333333
"8251",8251,14.6233933333333
"8252",8252,10.7790733333333
"8253",8253,7.955245
"8254",8254,10.9977533333333
"8255",8255,15.7660016666667
"8256",8256,11.6646116666667
"8257",8257,6.871325
"8258",8258,14.3536983333333
"8259",8259,11.64692
"8260",8260,9.409085
"8261",8261,17.3037833333333
"8262",8262,16.752835
"8263",8263,12.0270033333333
"8264",8264,12.6331466666667
"8265",8265,7.49599333333333
"8266",8266,16.3105416666667
"8267",8267,14.4533466666667
"8268",8268,12.100615
"8269",8269,15.954885
"8270",8270,9.070525
"8271",8271,13.9367183333333
"8272",8272,12.6725533333333
"8273",8273,9.62458500000001
"8274",8274,8.06404333333333
"8275",8275,8.32653833333332
"8276",8276,12.4499116666667
"8277",8277,11.6105533333333
"8278",8278,11.1002316666667
"8279",8279,16.448775
"8280",8280,9.99686833333334
"8281",8281,9.39323166666667
"8282",8282,11.98314
"8283",8283,14.8609066666667
"8284",8284,13.80028
"8285",8285,9.26282833333333
"8286",8286,9.86485333333332
"8287",8287,9.87678666666666
"8288",8288,16.6157966666667
"8289",8289,17.2165683333333
"8290",8290,8.57717833333333
"8291",8291,19.9057933333333
"8292",8292,14.0099083333333
"8293",8293,15.2713433333333
"8294",8294,14.2178366666667
"8295",8295,11.0903483333333
"8296",8296,9.03541
"8297",8297,7.91518
"8298",8298,15.3961283333333
"8299",8299,18.851585
"8300",8300,11.9955633333333
"8301",8301,12.7926616666667
"8302",8302,13.7700633333333
"8303",8303,11.3435966666667
"8304",8304,12.981035
"8305",8305,13.2824333333333
"8306",8306,16.9396316666667
"8307",8307,15.5936166666667
"8308",8308,15.9915766666667
"8309",8309,10.633845
"8310",8310,13.6536783333333
"8311",8311,13.32593
"8312",8312,7.58072666666666
"8313",8313,10.8552383333333
"8314",8314,11.3935816666667
"8315",8315,15.3452133333333
"8316",8316,12.3945666666667
"8317",8317,18.1638133333333
"8318",8318,14.28791
"8319",8319,16.8703483333333
"8320",8320,8.06108166666666
"8321",8321,13.8086783333333
"8322",8322,7.44735333333333
"8323",8323,11.1263066666667
"8324",8324,8.75898666666666
"8325",8325,14.084965
"8326",8326,10.5027066666667
"8327",8327,11.76948
"8328",8328,11.3684516666667
"8329",8329,11.0185683333333
"8330",8330,9.33597833333333
"8331",8331,9.99774333333332
"8332",8332,13.9908183333333
"8333",8333,11.7292166666667
"8334",8334,15.571115
"8335",8335,11.42951
"8336",8336,7.39819333333333
"8337",8337,15.6638633333333
"8338",8338,8.116345
"8339",8339,8.25334833333333
"8340",8340,12.6725566666667
"8341",8341,8.33530666666667
"8342",8342,9.19742333333333
"8343",8343,9.43023833333332
"8344",8344,7.50403666666667
"8345",8345,13.590675
"8346",8346,10.7685416666667
"8347",8347,10.46452
"8348",8348,13.0169116666667
"8349",8349,6.84058333333333
"8350",8350,12.5720816666667
"8351",8351,10.8482816666667
"8352",8352,14.8400133333333
"8353",8353,9.78911333333335
"8354",8354,15.9963766666667
"8355",8355,13.8435683333333
"8356",8356,8.54404666666666
"8357",8357,10.75452
"8358",8358,8.55624166666666
"8359",8359,8.93883166666666
"8360",8360,16.46569
"8361",8361,13.6749433333333
"8362",8362,12.5790733333333
"8363",8363,8.39508833333333
"8364",8364,17.375435
"8365",8365,11.7148466666667
"8366",8366,14.6868133333333
"8367",8367,7.81473
"8368",8368,12.1317
"8369",8369,12.6038366666667
"8370",8370,14.5905633333333
"8371",8371,10.6227833333333
"8372",8372,13.39774
"8373",8373,7.16970666666666
"8374",8374,12.7011816666667
"8375",8375,18.3665816666667
"8376",8376,6.94714333333333
"8377",8377,20.773745
"8378",8378,7.16162333333334
"8379",8379,8.465295
"8380",8380,14.984695
"8381",8381,13.7628483333333
"8382",8382,11.68717
"8383",8383,9.11786166666666
"8384",8384,19.63504
"8385",8385,9.523635
"8386",8386,16.2346316666667
"8387",8387,9.26417833333333
"8388",8388,11.936105
"8389",8389,12.0631233333333
"8390",8390,10.4967833333333
"8391",8391,8.22870333333333
"8392",8392,7.72357166666667
"8393",8393,13.6676833333333
"8394",8394,10.904135
"8395",8395,8.25643333333333
"8396",8396,14.2096366666667
"8397",8397,7.76199666666666
"8398",8398,13.397345
"8399",8399,11.2498983333333
"8400",8400,13.4135116666667
"8401",8401,8.52301333333333
"8402",8402,19.2900916666667
"8403",8403,20.5859816666667
"8404",8404,8.45299333333333
"8405",8405,12.5271416666667
"8406",8406,12.0890833333333
"8407",8407,14.530985
"8408",8408,11.8091033333333
"8409",8409,14.018085
"8410",8410,10.928315
"8411",8411,11.0862433333333
"8412",8412,10.3280183333333
"8413",8413,18.7701983333333
"8414",8414,10.7202766666667
"8415",8415,13.7754183333333
"8416",8416,13.1012016666667
"8417",8417,6.741125
"8418",8418,7.20176666666666
"8419",8419,16.5688733333333
"8420",8420,12.1766116666667
"8421",8421,18.87209
"8422",8422,13.3090533333333
"8423",8423,10.4331966666667
"8424",8424,13.28708
"8425",8425,17.7318066666667
"8426",8426,15.6445283333333
"8427",8427,13.2345633333333
"8428",8428,8.23488333333333
"8429",8429,13.18463
"8430",8430,15.6113783333333
"8431",8431,11.27328
"8432",8432,13.8078416666667
"8433",8433,11.1183183333333
"8434",8434,15.5191216666667
"8435",8435,20.5581266666667
"8436",8436,12.9775433333333
"8437",8437,11.968745
"8438",8438,12.460565
"8439",8439,15.585905
"8440",8440,16.2411466666667
"8441",8441,13.0709916666667
"8442",8442,15.947355
"8443",8443,12.6897483333333
"8444",8444,15.6502633333333
"8445",8445,10.3824166666667
"8446",8446,11.3052233333333
"8447",8447,12.9773166666667
"8448",8448,9.00329166666666
"8449",8449,17.5356133333333
"8450",8450,6.89199833333333
"8451",8451,17.0953566666667
"8452",8452,8.30720499999999
"8453",8453,11.5954216666667
"8454",8454,16.0495983333333
"8455",8455,7.70232833333333
"8456",8456,16.9734533333333
"8457",8457,13.342185
"8458",8458,11.750555
"8459",8459,17.6645016666667
"8460",8460,15.045705
"8461",8461,15.1840416666667
"8462",8462,13.8128983333333
"8463",8463,16.1967916666667
"8464",8464,12.63435
"8465",8465,13.4632866666667
"8466",8466,9.97641833333334
"8467",8467,15.7196583333333
"8468",8468,16.0010066666667
"8469",8469,16.9568183333333
"8470",8470,12.8523033333333
"8471",8471,13.9246666666667
"8472",8472,14.614375
"8473",8473,15.2158083333333
"8474",8474,7.40869499999999
"8475",8475,15.5877233333333
"8476",8476,8.54334999999999
"8477",8477,13.922365
"8478",8478,11.82351
"8479",8479,6.71748333333333
"8480",8480,15.8654933333333
"8481",8481,11.6376383333333
"8482",8482,6.98802
"8483",8483,11.2291133333333
"8484",8484,11.2147916666667
"8485",8485,13.6132483333333
"8486",8486,16.5291083333333
"8487",8487,11.5171033333333
"8488",8488,16.1237633333333
"8489",8489,12.9980583333333
"8490",8490,9.33229666666666
"8491",8491,15.378815
"8492",8492,10.741895
"8493",8493,15.7918333333333
"8494",8494,11.3389866666667
"8495",8495,12.006955
"8496",8496,16.4694933333333
"8497",8497,16.872185
"8498",8498,13.3912466666667
"8499",8499,16.573465
"8500",8500,11.762565
"8501",8501,9.06372166666666
"8502",8502,15.7247516666667
"8503",8503,13.2463433333333
"8504",8504,18.0672466666667
"8505",8505,14.8448916666667
"8506",8506,14.4363816666667
"8507",8507,7.097225
"8508",8508,13.09259
"8509",8509,17.8224466666667
"8510",8510,11.1308033333333
"8511",8511,14.4784333333333
"8512",8512,14.6388583333333
"8513",8513,16.720715
"8514",8514,11.8493333333333
"8515",8515,9.94461833333333
"8516",8516,11.35195
"8517",8517,16.19903
"8518",8518,16.8775583333333
"8519",8519,17.0490383333333
"8520",8520,6.97608
"8521",8521,13.4481166666667
"8522",8522,14.2891966666667
"8523",8523,12.84907
"8524",8524,12.3775666666667
"8525",8525,15.343225
"8526",8526,12.460745
"8527",8527,9.89979333333333
"8528",8528,16.1084316666667
"8529",8529,16.48937
"8530",8530,8.046755
"8531",8531,15.2153416666667
"8532",8532,7.512965
"8533",8533,20.7558033333333
"8534",8534,12.373245
"8535",8535,10.6758933333333
"8536",8536,16.0875566666667
"8537",8537,10.955595
"8538",8538,7.32677666666666
"8539",8539,15.547295
"8540",8540,7.40628
"8541",8541,18.714385
"8542",8542,8.09806166666666
"8543",8543,10.044735
"8544",8544,16.0081483333333
"8545",8545,17.7704283333333
"8546",8546,16.30052
"8547",8547,10.0827516666667
"8548",8548,12.23737
"8549",8549,11.4178533333333
"8550",8550,10.4140883333333
"8551",8551,11.9983616666667
"8552",8552,12.7597266666667
"8553",8553,10.5215683333333
"8554",8554,13.1567316666667
"8555",8555,9.46002166666666
"8556",8556,10.01666
"8557",8557,19.7115816666667
"8558",8558,10.4188583333333
"8559",8559,7.89235666666667
"8560",8560,15.0061166666667
"8561",8561,12.5180766666667
"8562",8562,11.4078383333333
"8563",8563,9.75584333333333
"8564",8564,16.7920066666667
"8565",8565,13.083545
"8566",8566,8.48648333333334
"8567",8567,9.157525
"8568",8568,12.0094983333333
"8569",8569,7.71630333333333
"8570",8570,11.4329366666667
"8571",8571,13.5304066666667
"8572",8572,11.097065
"8573",8573,11.3900416666667
"8574",8574,18.4751266666667
"8575",8575,10.40417
"8576",8576,7.27521833333333
"8577",8577,14.6007833333333
"8578",8578,10.065065
"8579",8579,10.1015366666667
"8580",8580,14.7673916666667
"8581",8581,11.8856083333333
"8582",8582,9.37303833333334
"8583",8583,17.5589033333333
"8584",8584,15.6343833333333
"8585",8585,14.759685
"8586",8586,13.5701983333333
"8587",8587,14.2150183333333
"8588",8588,10.899435
"8589",8589,9.64245
"8590",8590,16.8318033333333
"8591",8591,13.338985
"8592",8592,12.1253416666667
"8593",8593,15.9219116666667
"8594",8594,10.9688116666667
"8595",8595,18.477065
"8596",8596,11.7349216666667
"8597",8597,14.5810683333333
"8598",8598,10.5545633333333
"8599",8599,11.5833316666667
"8600",8600,7.50922
"8601",8601,8.23065666666666
"8602",8602,12.978845
"8603",8603,12.2861283333333
"8604",8604,9.97673833333335
"8605",8605,10.0904
"8606",8606,6.87711333333333
"8607",8607,18.5919466666667
"8608",8608,11.6383
"8609",8609,7.94628833333334
"8610",8610,17.8958133333333
"8611",8611,13.5275533333333
"8612",8612,11.1814516666667
"8613",8613,7.10038166666667
"8614",8614,11.874345
"8615",8615,13.7947266666667
"8616",8616,16.2968533333333
"8617",8617,15.2707666666667
"8618",8618,10.2771733333333
"8619",8619,16.947565
"8620",8620,7.91284666666667
"8621",8621,14.1091266666667
"8622",8622,17.4243033333333
"8623",8623,14.60231
"8624",8624,12.350725
"8625",8625,12.1648683333333
"8626",8626,9.97711833333332
"8627",8627,16.6438766666667
"8628",8628,16.5963216666667
"8629",8629,12.9647333333333
"8630",8630,14.4992733333333
"8631",8631,12.7432766666667
"8632",8632,17.4467516666667
"8633",8633,7.41545166666666
"8634",8634,15.180845
"8635",8635,12.959135
"8636",8636,10.0690933333333
"8637",8637,15.2338866666667
"8638",8638,11.9448783333333
"8639",8639,15.0040033333333
"8640",8640,11.0904383333333
"8641",8641,15.9488133333333
"8642",8642,9.46160166666666
"8643",8643,10.3988166666667
"8644",8644,15.3741616666667
"8645",8645,19.1453033333333
"8646",8646,10.5469766666667
"8647",8647,8.30844166666666
"8648",8648,10.2512166666667
"8649",8649,11.5405033333333
"8650",8650,13.4820516666667
"8651",8651,12.2899983333333
"8652",8652,7.919065
"8653",8653,11.8502183333333
"8654",8654,8.21271
"8655",8655,16.6164416666667
"8656",8656,10.9718966666667
"8657",8657,15.5290133333333
"8658",8658,9.24392833333333
"8659",8659,9.18241
"8660",8660,13.29105
"8661",8661,8.08584333333333
"8662",8662,16.3956333333333
"8663",8663,8.97697333333334
"8664",8664,19.01344
"8665",8665,11.4802183333333
"8666",8666,17.8203466666667
"8667",8667,10.3204666666667
"8668",8668,10.6877783333333
"8669",8669,10.8663466666667
"8670",8670,9.56377833333334
"8671",8671,11.8042266666667
"8672",8672,9.54608999999999
"8673",8673,9.42355833333333
"8674",8674,9.77542166666668
"8675",8675,12.444295
"8676",8676,15.7049266666667
"8677",8677,11.2184116666667
"8678",8678,13.0274016666667
"8679",8679,13.0395283333333
"8680",8680,16.7406383333333
"8681",8681,14.3352666666667
"8682",8682,18.1310016666667
"8683",8683,12.6564216666667
"8684",8684,15.1518116666667
"8685",8685,8.06521166666666
"8686",8686,14.844395
"8687",8687,9.89901666666667
"8688",8688,14.3783333333333
"8689",8689,8.09441166666667
"8690",8690,11.143095
"8691",8691,11.06614
"8692",8692,16.9307116666667
"8693",8693,17.4013383333333
"8694",8694,16.673025
"8695",8695,12.7150716666667
"8696",8696,18.62228
"8697",8697,7.386205
"8698",8698,11.85562
"8699",8699,7.89888166666666
"8700",8700,10.2295116666667
"8701",8701,13.8810583333333
"8702",8702,8.86336666666667
"8703",8703,15.8520816666667
"8704",8704,15.0876066666667
"8705",8705,13.23241
"8706",8706,16.4592483333333
"8707",8707,12.89631
"8708",8708,10.4859983333333
"8709",8709,11.7401883333333
"8710",8710,12.0499966666667
"8711",8711,13.2242633333333
"8712",8712,12.01305
"8713",8713,8.7074
"8714",8714,8.53770833333333
"8715",8715,10.3264983333333
"8716",8716,9.98382666666668
"8717",8717,14.4450183333333
"8718",8718,13.469055
"8719",8719,10.8998216666667
"8720",8720,19.8881133333333
"8721",8721,14.9507266666667
"8722",8722,13.9483066666667
"8723",8723,10.68545
"8724",8724,15.2715916666667
"8725",8725,14.8110066666667
"8726",8726,10.0593
"8727",8727,10.6459566666667
"8728",8728,16.0430916666667
"8729",8729,16.8289
"8730",8730,8.96421166666667
"8731",8731,17.8417783333333
"8732",8732,11.2805566666667
"8733",8733,8.64442166666666
"8734",8734,7.00728
"8735",8735,10.94116
"8736",8736,19.323885
"8737",8737,16.736155
"8738",8738,14.2513566666667
"8739",8739,8.91762833333333
"8740",8740,10.2096716666667
"8741",8741,11.1737083333333
"8742",8742,14.2560916666667
"8743",8743,8.84389666666666
"8744",8744,14.2584433333333
"8745",8745,11.99717
"8746",8746,7.93182166666666
"8747",8747,17.2288966666667
"8748",8748,11.7684766666667
"8749",8749,12.2957166666667
"8750",8750,12.8396733333333
"8751",8751,9.89699833333334
"8752",8752,12.2945516666667
"8753",8753,6.68508
"8754",8754,11.8892283333333
"8755",8755,11.32277
"8756",8756,13.421905
"8757",8757,12.398475
"8758",8758,13.7430916666667
"8759",8759,9.163225
"8760",8760,12.7036933333333
"8761",8761,10.6695216666667
"8762",8762,14.1999866666667
"8763",8763,13.8059
"8764",8764,11.0507533333333
"8765",8765,14.1111516666667
"8766",8766,7.47667666666666
"8767",8767,12.6402116666667
"8768",8768,16.66796
"8769",8769,12.19886
"8770",8770,14.9067766666667
"8771",8771,13.4311216666667
"8772",8772,14.1935066666667
"8773",8773,15.7380916666667
"8774",8774,13.1190333333333
"8775",8775,16.9729683333333
"8776",8776,10.0827066666667
"8777",8777,10.3143633333333
"8778",8778,17.08698
"8779",8779,9.97714666666667
"8780",8780,11.23763
"8781",8781,15.01505
"8782",8782,7.06851666666667
"8783",8783,9.22268
"8784",8784,13.234795
"8785",8785,13.8764233333333
"8786",8786,8.92311166666667
"8787",8787,14.95079
"8788",8788,16.6246733333333
"8789",8789,17.0186683333333
"8790",8790,14.3566283333333
"8791",8791,13.8611283333333
"8792",8792,8.21530666666666
"8793",8793,7.65285166666666
"8794",8794,15.5542983333333
"8795",8795,11.45771
"8796",8796,9.87257833333335
"8797",8797,7.23957333333333
"8798",8798,11.718575
"8799",8799,16.0341133333333
"8800",8800,18.2879333333333
"8801",8801,13.8199633333333
"8802",8802,6.90662
"8803",8803,10.064565
"8804",8804,12.7165316666667
"8805",8805,11.824545
"8806",8806,10.8497916666667
"8807",8807,13.98617
"8808",8808,9.32399166666667
"8809",8809,13.1857566666667
"8810",8810,12.7212233333333
"8811",8811,10.6955883333333
"8812",8812,10.9961433333333
"8813",8813,7.70941666666667
"8814",8814,8.175415
"8815",8815,7.00408333333333
"8816",8816,18.651985
"8817",8817,9.27348833333333
"8818",8818,10.0950533333333
"8819",8819,13.8678333333333
"8820",8820,13.9519916666667
"8821",8821,16.4459066666667
"8822",8822,18.7531633333333
"8823",8823,14.3369
"8824",8824,16.2668316666667
"8825",8825,17.24644
"8826",8826,12.9836
"8827",8827,8.74872666666666
"8828",8828,12.0592333333333
"8829",8829,10.5290183333333
"8830",8830,6.88242666666667
"8831",8831,8.13656
"8832",8832,16.4244466666667
"8833",8833,10.5156416666667
"8834",8834,11.7508083333333
"8835",8835,11.9004766666667
"8836",8836,12.544645
"8837",8837,12.4686716666667
"8838",8838,9.40118333333333
"8839",8839,14.6697916666667
"8840",8840,9.90289666666666
"8841",8841,16.5422333333333
"8842",8842,11.3534133333333
"8843",8843,15.056055
"8844",8844,9.090205
"8845",8845,8.01479166666666
"8846",8846,11.2499616666667
"8847",8847,10.3956733333333
"8848",8848,8.31845333333333
"8849",8849,13.112905
"8850",8850,9.33785166666666
"8851",8851,12.9744233333333
"8852",8852,11.58765
"8853",8853,9.23035
"8854",8854,7.15058666666667
"8855",8855,12.9328766666667
"8856",8856,11.6601983333333
"8857",8857,8.37401333333333
"8858",8858,8.62693666666666
"8859",8859,15.372695
"8860",8860,9.29157
"8861",8861,17.79131
"8862",8862,9.3614
"8863",8863,7.46468
"8864",8864,7.61141333333333
"8865",8865,8.39314
"8866",8866,10.91763
"8867",8867,11.4318966666667
"8868",8868,13.1390016666667
"8869",8869,15.2064083333333
"8870",8870,7.99684833333333
"8871",8871,9.65899833333334
"8872",8872,13.0822366666667
"8873",8873,11.6677733333333
"8874",8874,8.30423
"8875",8875,8.202975
"8876",8876,11.91701
"8877",8877,8.51607166666666
"8878",8878,16.30544
"8879",8879,13.9451
"8880",8880,11.9549816666667
"8881",8881,12.1225366666667
"8882",8882,10.2482716666667
"8883",8883,6.72504333333333
"8884",8884,7.58753
"8885",8885,8.07529833333333
"8886",8886,7.94989666666666
"8887",8887,11.2715283333333
"8888",8888,13.244915
"8889",8889,7.55675333333333
"8890",8890,17.2891283333333
"8891",8891,9.11233
"8892",8892,13.5286016666667
"8893",8893,12.3473583333333
"8894",8894,14.980915
"8895",8895,17.2704133333333
"8896",8896,10.6776833333333
"8897",8897,15.2532283333333
"8898",8898,17.0492
"8899",8899,8.02353
"8900",8900,9.73118666666667
"8901",8901,7.21180666666667
"8902",8902,8.45598333333333
"8903",8903,17.9931283333333
"8904",8904,13.4559833333333
"8905",8905,17.6433566666667
"8906",8906,15.2125866666667
"8907",8907,16.32948
"8908",8908,15.6359633333333
"8909",8909,9.26478
"8910",8910,12.7328916666667
"8911",8911,13.001655
"8912",8912,15.8092983333333
"8913",8913,15.8471166666667
"8914",8914,14.6266416666667
"8915",8915,12.6740116666667
"8916",8916,9.38369166666667
"8917",8917,11.034065
"8918",8918,11.96591
"8919",8919,15.7681416666667
"8920",8920,6.93289833333333
"8921",8921,11.6735016666667
"8922",8922,16.2800866666667
"8923",8923,6.78005166666667
"8924",8924,15.5796483333333
"8925",8925,15.9320083333333
"8926",8926,13.078385
"8927",8927,14.6676933333333
"8928",8928,19.2204766666667
"8929",8929,17.3775833333333
"8930",8930,9.95303
"8931",8931,9.80895
"8932",8932,14.7404833333333
"8933",8933,14.6335966666667
"8934",8934,15.0623766666667
"8935",8935,13.519085
"8936",8936,12.811765
"8937",8937,12.8945166666667
"8938",8938,11.4934816666667
"8939",8939,7.39594666666666
"8940",8940,15.25364
"8941",8941,11.8148816666667
"8942",8942,7.65018166666666
"8943",8943,15.5832716666667
"8944",8944,17.7137566666667
"8945",8945,9.726385
"8946",8946,15.85737
"8947",8947,15.9125383333333
"8948",8948,13.26791
"8949",8949,13.6086433333333
"8950",8950,13.20595
"8951",8951,7.93396166666667
"8952",8952,17.2557833333333
"8953",8953,18.5211016666667
"8954",8954,11.57136
"8955",8955,14.013815
"8956",8956,15.1226133333333
"8957",8957,15.74317
"8958",8958,11.55407
"8959",8959,8.746215
"8960",8960,19.4005033333333
"8961",8961,8.21663833333333
"8962",8962,9.647005
"8963",8963,15.4194233333333
"8964",8964,10.9965066666667
"8965",8965,15.2416016666667
"8966",8966,10.0073383333333
"8967",8967,12.5306983333333
"8968",8968,8.27253833333333
"8969",8969,11.035305
"8970",8970,10.2299033333333
"8971",8971,14.1683116666667
"8972",8972,6.91330333333333
"8973",8973,12.4733433333333
"8974",8974,7.95505833333333
"8975",8975,8.60939833333335
"8976",8976,12.71554
"8977",8977,13.2733883333333
"8978",8978,8.92880666666666
"8979",8979,12.0328333333333
"8980",8980,8.62931
"8981",8981,10.009485
"8982",8982,11.8823516666667
"8983",8983,16.0279433333333
"8984",8984,15.8363233333333
"8985",8985,8.46199666666666
"8986",8986,16.81517
"8987",8987,12.1993683333333
"8988",8988,17.42477
"8989",8989,14.0783
"8990",8990,13.9642516666667
"8991",8991,6.94971833333333
"8992",8992,13.8183666666667
"8993",8993,14.823085
"8994",8994,13.7591666666667
"8995",8995,11.4339566666667
"8996",8996,14.670285
"8997",8997,8.389315
"8998",8998,8.935535
"8999",8999,13.2385333333333
"9000",9000,16.1576033333333
"9001",9001,15.04841
"9002",9002,9.20233
"9003",9003,14.8677583333333
"9004",9004,7.45299
"9005",9005,11.8050866666667
"9006",9006,12.8044916666667
"9007",9007,13.8369333333333
"9008",9008,15.4522216666667
"9009",9009,10.6694816666667
"9010",9010,9.57311
"9011",9011,16.0917466666667
"9012",9012,7.37714666666667
"9013",9013,8.80283
"9014",9014,13.3934916666667
"9015",9015,15.575165
"9016",9016,12.2829216666667
"9017",9017,8.12614833333333
"9018",9018,15.0455733333333
"9019",9019,13.458695
"9020",9020,17.0059933333333
"9021",9021,14.243775
"9022",9022,8.15442499999999
"9023",9023,13.5140116666667
"9024",9024,7.545315
"9025",9025,16.5999216666667
"9026",9026,7.66691833333332
"9027",9027,8.95593666666666
"9028",9028,16.1402433333333
"9029",9029,18.602715
"9030",9030,14.16519
"9031",9031,18.0595366666667
"9032",9032,14.6933366666667
"9033",9033,9.54308500000001
"9034",9034,12.3033566666667
"9035",9035,8.33015333333333
"9036",9036,15.8912816666667
"9037",9037,11.7858316666667
"9038",9038,15.074445
"9039",9039,8.71453333333333
"9040",9040,14.9313216666667
"9041",9041,12.424685
"9042",9042,14.5194583333333
"9043",9043,18.6354833333333
"9044",9044,11.92197
"9045",9045,14.7097233333333
"9046",9046,14.7860633333333
"9047",9047,8.43594666666667
"9048",9048,12.64319
"9049",9049,15.251615
"9050",9050,10.931955
"9051",9051,14.6962866666667
"9052",9052,8.30656333333334
"9053",9053,12.8051233333333
"9054",9054,12.82814
"9055",9055,13.3784166666667
"9056",9056,7.69739833333333
"9057",9057,9.89913
"9058",9058,10.3427166666667
"9059",9059,11.0892933333333
"9060",9060,10.733485
"9061",9061,15.9176916666667
"9062",9062,11.30083
"9063",9063,7.04412166666667
"9064",9064,10.6987316666667
"9065",9065,17.2059816666667
"9066",9066,8.959795
"9067",9067,7.15283166666666
"9068",9068,12.8331
"9069",9069,10.6712266666667
"9070",9070,10.9574833333333
"9071",9071,8.45512333333333
"9072",9072,12.984965
"9073",9073,13.35199
"9074",9074,10.8277316666667
"9075",9075,13.9384433333333
"9076",9076,9.25384833333333
"9077",9077,12.8003883333333
"9078",9078,7.65526
"9079",9079,10.1292183333333
"9080",9080,6.75680166666667
"9081",9081,8.49571833333333
"9082",9082,13.7922166666667
"9083",9083,16.6127016666667
"9084",9084,13.7347133333333
"9085",9085,13.0430866666667
"9086",9086,7.45470833333333
"9087",9087,15.0925883333333
"9088",9088,7.431155
"9089",9089,7.23152333333334
"9090",9090,10.5138333333333
"9091",9091,9.48131333333333
"9092",9092,12.7357916666667
"9093",9093,9.36641666666666
"9094",9094,10.6145883333333
"9095",9095,15.7794366666667
"9096",9096,17.2550916666667
"9097",9097,12.3919883333333
"9098",9098,12.6467183333333
"9099",9099,10.450545
"9100",9100,14.2731783333333
"9101",9101,12.5680683333333
"9102",9102,9.52530833333334
"9103",9103,9.52022666666667
"9104",9104,7.15064333333333
"9105",9105,10.1097766666667
"9106",9106,12.8862033333333
"9107",9107,10.2039
"9108",9108,10.8889533333333
"9109",9109,16.1506716666667
"9110",9110,10.6561216666667
"9111",9111,14.9183216666667
"9112",9112,7.02538333333333
"9113",9113,13.4679983333333
"9114",9114,11.04618
"9115",9115,7.569985
"9116",9116,8.284985
"9117",9117,11.859715
"9118",9118,11.353425
"9119",9119,16.6363166666667
"9120",9120,11.4920383333333
"9121",9121,10.256535
"9122",9122,12.405775
"9123",9123,18.0258116666667
"9124",9124,9.627945
"9125",9125,15.2636316666667
"9126",9126,13.54663
"9127",9127,13.297375
"9128",9128,19.4157866666667
"9129",9129,15.1539116666667
"9130",9130,7.47936333333333
"9131",9131,14.0476266666667
"9132",9132,8.32929833333333
"9133",9133,16.2373233333333
"9134",9134,9.18365833333333
"9135",9135,9.55813333333333
"9136",9136,11.7989966666667
"9137",9137,11.0523666666667
"9138",9138,11.669775
"9139",9139,12.81329
"9140",9140,12.7297816666667
"9141",9141,14.133955
"9142",9142,13.8151033333333
"9143",9143,8.98732833333335
"9144",9144,8.88263333333333
"9145",9145,12.1035133333333
"9146",9146,7.46004833333333
"9147",9147,17.9273016666667
"9148",9148,17.2672633333333
"9149",9149,10.4546166666667
"9150",9150,6.78962333333333
"9151",9151,7.49802833333333
"9152",9152,15.2690866666667
"9153",9153,16.370815
"9154",9154,17.8508783333333
"9155",9155,12.42767
"9156",9156,8.71034333333334
"9157",9157,12.7551983333333
"9158",9158,13.6839633333333
"9159",9159,9.222455
"9160",9160,9.49376333333333
"9161",9161,11.1051616666667
"9162",9162,18.685475
"9163",9163,18.6153616666667
"9164",9164,14.244645
"9165",9165,12.7393066666667
"9166",9166,15.7011033333333
"9167",9167,16.46598
"9168",9168,11.4625916666667
"9169",9169,19.1694966666667
"9170",9170,9.01723666666666
"9171",9171,12.47752
"9172",9172,9.98364333333334
"9173",9173,11.4555416666667
"9174",9174,12.88595
"9175",9175,13.6653383333333
"9176",9176,13.9450983333333
"9177",9177,11.922075
"9178",9178,13.7200166666667
"9179",9179,14.51345
"9180",9180,13.70101
"9181",9181,15.6494816666667
"9182",9182,15.4921583333333
"9183",9183,12.077215
"9184",9184,6.762785
"9185",9185,12.7182216666667
"9186",9186,9.31457666666666
"9187",9187,13.220375
"9188",9188,17.6083783333333
"9189",9189,12.886475
"9190",9190,15.845495
"9191",9191,11.3603983333333
"9192",9192,7.34893666666666
"9193",9193,9.06163
"9194",9194,11.9849083333333
"9195",9195,11.7733683333333
"9196",9196,9.73141
"9197",9197,10.5635883333333
"9198",9198,16.73547
"9199",9199,18.3890633333333
"9200",9200,16.284995
"9201",9201,11.0618316666667
"9202",9202,8.20524166666666
"9203",9203,15.8550766666667
"9204",9204,17.22697
"9205",9205,9.882505
"9206",9206,18.3353333333333
"9207",9207,14.4039016666667
"9208",9208,11.4549016666667
"9209",9209,16.3656816666667
"9210",9210,14.2748466666667
"9211",9211,9.34938666666667
"9212",9212,13.57104
"9213",9213,9.13103166666667
"9214",9214,14.790485
"9215",9215,15.6444416666667
"9216",9216,7.72729833333333
"9217",9217,14.6545383333333
"9218",9218,10.6373083333333
"9219",9219,12.2699116666667
"9220",9220,11.840915
"9221",9221,10.44565
"9222",9222,12.9071233333333
"9223",9223,8.01279166666666
"9224",9224,10.8420766666667
"9225",9225,14.0403166666667
"9226",9226,7.72423
"9227",9227,6.99269166666667
"9228",9228,12.5495383333333
"9229",9229,12.4095666666667
"9230",9230,18.5897916666667
"9231",9231,13.050805
"9232",9232,11.6285016666667
"9233",9233,11.824185
"9234",9234,13.4330333333333
"9235",9235,11.8506716666667
"9236",9236,14.8091283333333
"9237",9237,12.6759366666667
"9238",9238,13.3381483333333
"9239",9239,11.4249183333333
"9240",9240,8.13554
"9241",9241,12.6724933333333
"9242",9242,11.235105
"9243",9243,12.59924
"9244",9244,7.57642
"9245",9245,17.7757266666667
"9246",9246,15.8980733333333
"9247",9247,16.16422
"9248",9248,9.495715
"9249",9249,8.72110666666666
"9250",9250,16.19631
"9251",9251,12.64946
"9252",9252,9.74257833333334
"9253",9253,12.38569
"9254",9254,13.0429483333333
"9255",9255,10.7878416666667
"9256",9256,18.788665
"9257",9257,10.4649066666667
"9258",9258,14.9288083333333
"9259",9259,11.5863133333333
"9260",9260,7.66407833333332
"9261",9261,8.166115
"9262",9262,17.013435
"9263",9263,11.3713066666667
"9264",9264,12.7249066666667
"9265",9265,15.8860566666667
"9266",9266,12.44213
"9267",9267,9.00158
"9268",9268,14.4601683333333
"9269",9269,16.5987316666667
"9270",9270,15.6260516666667
"9271",9271,18.2006516666667
"9272",9272,15.6563866666667
"9273",9273,19.0605083333333
"9274",9274,11.5713966666667
"9275",9275,10.2880416666667
"9276",9276,9.41093166666666
"9277",9277,13.38659
"9278",9278,11.0915966666667
"9279",9279,14.6232566666667
"9280",9280,16.788125
"9281",9281,12.5540483333333
"9282",9282,14.5601483333333
"9283",9283,8.64328
"9284",9284,13.0467683333333
"9285",9285,13.5041983333333
"9286",9286,14.1880816666667
"9287",9287,14.5541
"9288",9288,15.2678633333333
"9289",9289,13.6219816666667
"9290",9290,14.2311433333333
"9291",9291,7.04534666666666
"9292",9292,9.11461666666666
"9293",9293,12.9903883333333
"9294",9294,11.1115416666667
"9295",9295,14.0640083333333
"9296",9296,13.3996233333333
"9297",9297,9.203465
"9298",9298,11.7792083333333
"9299",9299,14.3745016666667
"9300",9300,6.65534666666667
"9301",9301,9.97305333333334
"9302",9302,12.34613
"9303",9303,8.55213666666667
"9304",9304,7.942305
"9305",9305,6.81514166666667
"9306",9306,12.731935
"9307",9307,7.099425
"9308",9308,14.529925
"9309",9309,11.3219733333333
"9310",9310,10.82166
"9311",9311,10.4878883333333
"9312",9312,16.20123
"9313",9313,7.58187833333333
"9314",9314,6.84523
"9315",9315,8.67670833333333
"9316",9316,10.5234383333333
"9317",9317,10.9641416666667
"9318",9318,9.28479333333335
"9319",9319,12.8308216666667
"9320",9320,7.87283833333333
"9321",9321,10.0893633333333
"9322",9322,11.6802516666667
"9323",9323,11.503895
"9324",9324,10.74539
"9325",9325,16.1102333333333
"9326",9326,11.2816766666667
"9327",9327,17.5369316666667
"9328",9328,12.4806433333333
"9329",9329,6.86781333333333
"9330",9330,12.4915966666667
"9331",9331,8.89392666666666
"9332",9332,7.24276333333333
"9333",9333,12.319435
"9334",9334,10.3426866666667
"9335",9335,8.039625
"9336",9336,10.992175
"9337",9337,11.5344266666667
"9338",9338,17.85343
"9339",9339,10.7505933333333
"9340",9340,15.222945
"9341",9341,6.771955
"9342",9342,13.4349416666667
"9343",9343,11.5547266666667
"9344",9344,7.71828333333333
"9345",9345,11.5125533333333
"9346",9346,13.7072733333333
"9347",9347,13.4744183333333
"9348",9348,8.34804666666667
"9349",9349,8.142015
"9350",9350,7.550545
"9351",9351,13.9576633333333
"9352",9352,9.73543833333334
"9353",9353,10.2553266666667
"9354",9354,15.9722133333333
"9355",9355,17.78153
"9356",9356,13.0398233333333
"9357",9357,7.69591166666667
"9358",9358,9.631275
"9359",9359,10.7141266666667
"9360",9360,13.1455583333333
"9361",9361,12.135215
"9362",9362,14.0227966666667
"9363",9363,7.43284833333333
"9364",9364,10.9895366666667
"9365",9365,7.409815
"9366",9366,9.164265
"9367",9367,9.32768499999999
"9368",9368,13.1800916666667
"9369",9369,11.26443
"9370",9370,10.0203283333333
"9371",9371,10.0702083333333
"9372",9372,11.8039416666667
"9373",9373,11.1964866666667
"9374",9374,10.3182066666667
"9375",9375,16.3480683333333
"9376",9376,11.05802
"9377",9377,7.78399333333333
"9378",9378,10.35745
"9379",9379,7.30588666666666
"9380",9380,17.3289616666667
"9381",9381,7.84089166666666
"9382",9382,15.3096916666667
"9383",9383,16.7530966666667
"9384",9384,7.88455666666666
"9385",9385,16.8246683333333
"9386",9386,13.1403883333333
"9387",9387,16.5744566666667
"9388",9388,7.20044666666667
"9389",9389,12.3366516666667
"9390",9390,14.5101266666667
"9391",9391,14.67919
"9392",9392,7.45716833333333
"9393",9393,7.19115333333333
"9394",9394,9.16033166666668
"9395",9395,13.5566933333333
"9396",9396,9.75671333333333
"9397",9397,16.5774116666667
"9398",9398,11.4097316666667
"9399",9399,15.8967516666667
"9400",9400,9.38072833333333
"9401",9401,7.67819166666666
"9402",9402,10.9352666666667
"9403",9403,17.2003583333333
"9404",9404,14.899185
"9405",9405,9.26987166666666
"9406",9406,16.0466833333333
"9407",9407,9.47511666666666
"9408",9408,8.37811
"9409",9409,9.25368166666666
"9410",9410,11.0191266666667
"9411",9411,12.6518333333333
"9412",9412,14.18737
"9413",9413,8.22990666666667
"9414",9414,10.717135
"9415",9415,11.6904016666667
"9416",9416,9.206565
"9417",9417,7.60138333333333
"9418",9418,9.62166666666666
"9419",9419,19.1921583333333
"9420",9420,13.104575
"9421",9421,7.56940833333333
"9422",9422,14.5135116666667
"9423",9423,13.774275
"9424",9424,10.4835233333333
"9425",9425,8.01802833333333
"9426",9426,12.5355966666667
"9427",9427,11.0912516666667
"9428",9428,19.1524266666667
"9429",9429,11.5520533333333
"9430",9430,7.617505
"9431",9431,14.7815033333333
"9432",9432,7.58942333333333
"9433",9433,13.744785
"9434",9434,13.17486
"9435",9435,12.045365
"9436",9436,15.9029333333333
"9437",9437,13.6274783333333
"9438",9438,7.850305
"9439",9439,15.501125
"9440",9440,12.465165
"9441",9441,13.7101933333333
"9442",9442,13.986485
"9443",9443,7.54812166666667
"9444",9444,15.5366633333333
"9445",9445,12.311615
"9446",9446,16.7945666666667
"9447",9447,10.1064066666667
"9448",9448,8.57998666666666
"9449",9449,7.34887
"9450",9450,9.802075
"9451",9451,7.50782833333333
"9452",9452,14.8375933333333
"9453",9453,12.0557116666667
"9454",9454,10.3297183333333
"9455",9455,11.0563216666667
"9456",9456,15.3567883333333
"9457",9457,7.53505666666666
"9458",9458,13.9624466666667
"9459",9459,9.12724
"9460",9460,14.012225
"9461",9461,10.4654116666667
"9462",9462,10.3005183333333
"9463",9463,16.0122116666667
"9464",9464,17.7350616666667
"9465",9465,15.1137366666667
"9466",9466,7.30114833333333
"9467",9467,10.3761383333333
"9468",9468,13.3054516666667
"9469",9469,14.305705
"9470",9470,11.196975
"9471",9471,13.564085
"9472",9472,16.22236
"9473",9473,15.56221
"9474",9474,10.835345
"9475",9475,8.253185
"9476",9476,9.96476833333333
"9477",9477,8.00242333333333
"9478",9478,13.5022933333333
"9479",9479,7.89412666666667
"9480",9480,8.88087833333333
"9481",9481,12.2078266666667
"9482",9482,13.6671966666667
"9483",9483,17.7519666666667
"9484",9484,20.8622766666667
"9485",9485,11.8831733333333
"9486",9486,20.8306916666667
"9487",9487,18.9414333333333
"9488",9488,13.65672
"9489",9489,11.8709233333333
"9490",9490,13.2771533333333
"9491",9491,11.828325
"9492",9492,10.894
"9493",9493,16.9210683333333
"9494",9494,14.6257283333333
"9495",9495,11.3641616666667
"9496",9496,7.03522166666667
"9497",9497,10.2935433333333
"9498",9498,7.872185
"9499",9499,7.94568500000001
"9500",9500,11.9190166666667
"9501",9501,11.0412666666667
"9502",9502,11.8133816666667
"9503",9503,10.6377366666667
"9504",9504,12.6326083333333
"9505",9505,15.4199716666667
"9506",9506,8.87617833333333
"9507",9507,15.6989616666667
"9508",9508,8.52447499999999
"9509",9509,11.0643083333333
"9510",9510,15.1685633333333
"9511",9511,11.832195
"9512",9512,8.90675833333333
"9513",9513,9.96366166666667
"9514",9514,7.94664
"9515",9515,12.570335
"9516",9516,7.31754666666667
"9517",9517,10.4423483333333
"9518",9518,17.1224
"9519",9519,11.1241366666667
"9520",9520,13.7673883333333
"9521",9521,13.9351183333333
"9522",9522,9.99340833333333
"9523",9523,16.0135533333333
"9524",9524,12.8479833333333
"9525",9525,19.7898766666667
"9526",9526,14.6993983333333
"9527",9527,16.34312
"9528",9528,9.89548333333332
"9529",9529,7.45546333333333
"9530",9530,8.89361
"9531",9531,11.4589083333333
"9532",9532,10.2125066666667
"9533",9533,10.5653683333333
"9534",9534,14.342785
"9535",9535,13.5660066666667
"9536",9536,14.21673
"9537",9537,10.5617983333333
"9538",9538,7.89608666666666
"9539",9539,15.82472
"9540",9540,7.47678
"9541",9541,8.00969166666666
"9542",9542,10.5044833333333
"9543",9543,12.355075
"9544",9544,10.92534
"9545",9545,10.8913133333333
"9546",9546,13.5697233333333
"9547",9547,11.84928
"9548",9548,7.21825166666667
"9549",9549,17.3021883333333
"9550",9550,13.5063983333333
"9551",9551,12.5608933333333
"9552",9552,8.25478
"9553",9553,13.7585016666667
"9554",9554,9.13698166666666
"9555",9555,7.97662666666666
"9556",9556,9.62035666666667
"9557",9557,12.8084333333333
"9558",9558,9.42859833333333
"9559",9559,15.0787033333333
"9560",9560,10.5383433333333
"9561",9561,11.2945716666667
"9562",9562,13.7240583333333
"9563",9563,8.26627833333333
"9564",9564,11.4914816666667
"9565",9565,8.54179166666666
"9566",9566,8.38853166666667
"9567",9567,8.72140166666666
"9568",9568,7.81158666666667
"9569",9569,13.8958433333333
"9570",9570,11.2659766666667
"9571",9571,14.1716483333333
"9572",9572,14.4420233333333
"9573",9573,14.8240316666667
"9574",9574,17.3827416666667
"9575",9575,12.8117966666667
"9576",9576,17.1966466666667
"9577",9577,11.20994
"9578",9578,16.6656566666667
"9579",9579,10.1525716666667
"9580",9580,18.5787933333333
"9581",9581,8.34348499999999
"9582",9582,12.6214883333333
"9583",9583,8.07824166666666
"9584",9584,14.6509533333333
"9585",9585,10.637925
"9586",9586,12.47421
"9587",9587,9.00164833333334
"9588",9588,14.8174816666667
"9589",9589,7.10387
"9590",9590,8.60379833333332
"9591",9591,12.8324433333333
"9592",9592,9.71862833333333
"9593",9593,8.45220666666667
"9594",9594,12.98557
"9595",9595,7.86706
"9596",9596,15.88676
"9597",9597,16.0899916666667
"9598",9598,10.793745
"9599",9599,15.4248683333333
"9600",9600,12.968485
"9601",9601,8.538515
"9602",9602,11.048615
"9603",9603,15.66217
"9604",9604,8.18392166666666
"9605",9605,9.64173499999999
"9606",9606,6.74389333333333
"9607",9607,12.5534116666667
"9608",9608,14.132755
"9609",9609,7.26423166666666
"9610",9610,9.22817666666666
"9611",9611,14.5629616666667
"9612",9612,10.97945
"9613",9613,15.0051583333333
"9614",9614,11.8739116666667
"9615",9615,9.34625833333333
"9616",9616,18.89807
"9617",9617,9.011355
"9618",9618,12.4379783333333
"9619",9619,17.2232266666667
"9620",9620,9.70440333333335
"9621",9621,12.787435
"9622",9622,13.6238983333333
"9623",9623,11.11789
"9624",9624,12.5407116666667
"9625",9625,10.00407
"9626",9626,7.77830833333333
"9627",9627,8.37413
"9628",9628,10.7206916666667
"9629",9629,9.96337666666666
"9630",9630,9.93308333333333
"9631",9631,12.60836
"9632",9632,15.6531116666667
"9633",9633,8.29324166666666
"9634",9634,7.485185
"9635",9635,7.54852833333333
"9636",9636,13.1656916666667
"9637",9637,14.4756766666667
"9638",9638,13.8194216666667
"9639",9639,7.47199833333333
"9640",9640,13.2250483333333
"9641",9641,9.91138666666666
"9642",9642,10.421
"9643",9643,13.58928
"9644",9644,13.93677
"9645",9645,9.41597333333333
"9646",9646,14.1603466666667
"9647",9647,9.226
"9648",9648,8.70823166666667
"9649",9649,12.82999
"9650",9650,12.923525
"9651",9651,7.96659666666666
"9652",9652,10.3071033333333
"9653",9653,9.60116
"9654",9654,15.7145683333333
"9655",9655,8.87008833333333
"9656",9656,9.350915
"9657",9657,15.0700766666667
"9658",9658,8.30462499999999
"9659",9659,10.4272416666667
"9660",9660,15.6816666666667
"9661",9661,15.7322066666667
"9662",9662,15.7487216666667
"9663",9663,18.1871466666667
"9664",9664,12.1410283333333
"9665",9665,9.285355
"9666",9666,10.9978483333333
"9667",9667,13.3389033333333
"9668",9668,14.50507
"9669",9669,15.0416166666667
"9670",9670,7.77373666666667
"9671",9671,9.34328
"9672",9672,8.650485
"9673",9673,18.2540666666667
"9674",9674,14.2360066666667
"9675",9675,7.06677333333333
"9676",9676,13.2211266666667
"9677",9677,13.8164816666667
"9678",9678,13.4701083333333
"9679",9679,17.2216783333333
"9680",9680,9.41490166666667
"9681",9681,11.500505
"9682",9682,11.7069966666667
"9683",9683,13.99307
"9684",9684,14.44743
"9685",9685,15.4211916666667
"9686",9686,10.8535883333333
"9687",9687,12.6523566666667
"9688",9688,11.0469166666667
"9689",9689,11.8556883333333
"9690",9690,16.0905483333333
"9691",9691,9.75721333333335
"9692",9692,11.7376066666667
"9693",9693,9.60809666666666
"9694",9694,9.04046999999999
"9695",9695,6.85439
"9696",9696,10.1341133333333
"9697",9697,6.82997833333333
"9698",9698,9.57839999999999
"9699",9699,7.22978
"9700",9700,8.227775
"9701",9701,15.2623866666667
"9702",9702,14.3010266666667
"9703",9703,13.10004
"9704",9704,11.222305
"9705",9705,15.2828133333333
"9706",9706,14.4762166666667
"9707",9707,15.2888833333333
"9708",9708,13.5538816666667
"9709",9709,7.82942833333333
"9710",9710,13.4728066666667
"9711",9711,11.9630733333333
"9712",9712,7.39048666666667
"9713",9713,8.40477333333333
"9714",9714,12.8759016666667
"9715",9715,10.6053466666667
"9716",9716,11.9085266666667
"9717",9717,9.52299999999999
"9718",9718,7.16904333333333
"9719",9719,11.120345
"9720",9720,8.69187833333333
"9721",9721,12.2842566666667
"9722",9722,11.8213033333333
"9723",9723,10.1555833333333
"9724",9724,11.6787166666667
"9725",9725,9.753865
"9726",9726,12.85617
"9727",9727,7.31726166666667
"9728",9728,10.4318433333333
"9729",9729,12.048525
"9730",9730,16.234695
"9731",9731,16.6677816666667
"9732",9732,12.4114116666667
"9733",9733,14.9614866666667
"9734",9734,13.599775
"9735",9735,14.159915
"9736",9736,11.6451366666667
"9737",9737,9.93319833333333
"9738",9738,10.117025
"9739",9739,13.2467783333333
"9740",9740,10.38948
"9741",9741,11.3129666666667
"9742",9742,18.0184216666667
"9743",9743,10.7808783333333
"9744",9744,7.28500666666667
"9745",9745,13.8774283333333
"9746",9746,11.9268166666667
"9747",9747,8.73865333333333
"9748",9748,12.9144983333333
"9749",9749,8.35435666666667
"9750",9750,11.44268
"9751",9751,9.48648
"9752",9752,14.8641066666667
"9753",9753,7.99567166666666
"9754",9754,12.990035
"9755",9755,14.931975
"9756",9756,11.4300683333333
"9757",9757,9.00592666666666
"9758",9758,9.87341333333332
"9759",9759,15.98981
"9760",9760,11.92073
"9761",9761,15.6754633333333
"9762",9762,13.43381
"9763",9763,7.81376666666667
"9764",9764,17.998495
"9765",9765,10.8013266666667
"9766",9766,17.2394366666667
"9767",9767,17.5150016666667
"9768",9768,9.72386666666667
"9769",9769,13.00469
"9770",9770,16.61397
"9771",9771,14.459175
"9772",9772,11.2547916666667
"9773",9773,6.93887166666666
"9774",9774,11.8378383333333
"9775",9775,11.7052683333333
"9776",9776,14.0934833333333
"9777",9777,14.00397
"9778",9778,13.521155
"9779",9779,15.18799
"9780",9780,9.236725
"9781",9781,12.5869366666667
"9782",9782,8.47483666666667
"9783",9783,12.169985
"9784",9784,16.1056733333333
"9785",9785,17.189085
"9786",9786,7.13393833333333
"9787",9787,13.0013033333333
"9788",9788,15.174845
"9789",9789,14.3466283333333
"9790",9790,16.1120516666667
"9791",9791,17.8276383333333
"9792",9792,11.9393216666667
"9793",9793,9.57227
"9794",9794,14.2053683333333
"9795",9795,6.93791333333333
"9796",9796,13.11567
"9797",9797,7.56503499999999
"9798",9798,12.5831
"9799",9799,8.34317833333333
"9800",9800,16.7545766666667
"9801",9801,8.70989666666666
"9802",9802,6.93679333333333
"9803",9803,15.1370966666667
"9804",9804,12.8224016666667
"9805",9805,15.1481216666667
"9806",9806,11.2109033333333
"9807",9807,14.8777083333333
"9808",9808,12.9342683333333
"9809",9809,11.6162283333333
"9810",9810,19.5881783333333
"9811",9811,16.882995
"9812",9812,12.1483316666667
"9813",9813,7.98839833333332
"9814",9814,13.1598933333333
"9815",9815,10.8193466666667
"9816",9816,15.171525
"9817",9817,11.8705266666667
"9818",9818,16.8900683333333
"9819",9819,8.03157833333333
"9820",9820,10.671345
"9821",9821,14.3117533333333
"9822",9822,10.7266816666667
"9823",9823,6.83112666666666
"9824",9824,13.8460566666667
"9825",9825,8.025005
"9826",9826,12.2753483333333
"9827",9827,13.0994883333333
"9828",9828,12.6540566666667
"9829",9829,7.32019833333333
"9830",9830,10.3894633333333
"9831",9831,8.52683833333333
"9832",9832,16.4179833333333
"9833",9833,12.5626933333333
"9834",9834,14.119325
"9835",9835,13.6626966666667
"9836",9836,11.841445
"9837",9837,7.45354333333333
"9838",9838,10.68198
"9839",9839,16.9935866666667
"9840",9840,7.99158333333333
"9841",9841,14.7767916666667
"9842",9842,12.9303566666667
"9843",9843,7.47478333333333
"9844",9844,18.4389033333333
"9845",9845,11.3782133333333
"9846",9846,7.43415166666666
"9847",9847,13.7504033333333
"9848",9848,12.9973966666667
"9849",9849,9.50801000000001
"9850",9850,12.8457883333333
"9851",9851,8.33500166666666
"9852",9852,7.99247333333333
"9853",9853,7.361645
"9854",9854,12.59859
"9855",9855,15.2502483333333
"9856",9856,12.4686533333333
"9857",9857,10.668945
"9858",9858,14.45432
"9859",9859,8.27457833333333
"9860",9860,13.8493383333333
"9861",9861,19.00915
"9862",9862,8.65837166666667
"9863",9863,14.662615
"9864",9864,6.89628333333333
"9865",9865,21.207735
"9866",9866,14.4072083333333
"9867",9867,9.23164833333333
"9868",9868,17.8641433333333
"9869",9869,11.16072
"9870",9870,13.4362766666667
"9871",9871,18.1179916666667
"9872",9872,15.5884416666667
"9873",9873,17.24385
"9874",9874,14.5717583333333
"9875",9875,8.488335
"9876",9876,11.2389
"9877",9877,15.1271266666667
"9878",9878,11.6847266666667
"9879",9879,20.2558233333333
"9880",9880,7.5179
"9881",9881,8.85013
"9882",9882,17.7240083333333
"9883",9883,11.0214266666667
"9884",9884,10.9953866666667
"9885",9885,10.3407133333333
"9886",9886,19.6755316666667
"9887",9887,12.1113783333333
"9888",9888,11.651285
"9889",9889,14.2219733333333
"9890",9890,15.4782283333333
"9891",9891,11.46224
"9892",9892,7.94106833333333
"9893",9893,11.158435
"9894",9894,13.2790783333333
"9895",9895,13.0900716666667
"9896",9896,10.8152683333333
"9897",9897,11.1928583333333
"9898",9898,6.69949
"9899",9899,13.4707216666667
"9900",9900,14.6202033333333
"9901",9901,9.92652333333333
"9902",9902,14.201875
"9903",9903,13.681235
"9904",9904,8.795635
"9905",9905,12.573235
"9906",9906,16.8222716666667
"9907",9907,14.1256566666667
"9908",9908,10.3246033333333
"9909",9909,8.485965
"9910",9910,12.38747
"9911",9911,18.255755
"9912",9912,7.57515166666666
"9913",9913,15.9016633333333
"9914",9914,15.2502966666667
"9915",9915,12.0219833333333
"9916",9916,10.963025
"9917",9917,8.11024
"9918",9918,9.69741333333334
"9919",9919,12.6910383333333
"9920",9920,14.1947583333333
"9921",9921,9.97176000000001
"9922",9922,18.76248
"9923",9923,14.043285
"9924",9924,19.4357416666667
"9925",9925,14.4704583333333
"9926",9926,17.027305
"9927",9927,7.27328333333333
"9928",9928,12.2744666666667
"9929",9929,14.3958333333333
"9930",9930,9.66228833333333
"9931",9931,14.5888966666667
"9932",9932,16.247065
"9933",9933,13.1495333333333
"9934",9934,13.802535
"9935",9935,8.19308666666667
"9936",9936,13.1905833333333
"9937",9937,13.7351633333333
"9938",9938,13.1771
"9939",9939,17.0764083333333
"9940",9940,10.0719716666667
"9941",9941,13.1881083333333
"9942",9942,13.1869333333333
"9943",9943,14.302555
"9944",9944,13.14425
"9945",9945,11.5096983333333
"9946",9946,11.891945
"9947",9947,19.3842466666667
"9948",9948,17.1191783333333
"9949",9949,7.42769333333333
"9950",9950,16.9588
"9951",9951,11.96395
"9952",9952,18.4340516666667
"9953",9953,12.034475
"9954",9954,14.8302466666667
"9955",9955,11.19967
"9956",9956,13.0300266666667
"9957",9957,17.723295
"9958",9958,13.11598
"9959",9959,14.8314616666667
"9960",9960,17.4297983333333
"9961",9961,11.7033783333333
"9962",9962,10.3860166666667
"9963",9963,14.212295
"9964",9964,10.0578133333333
"9965",9965,12.9803166666667
"9966",9966,9.990745
"9967",9967,16.6327416666667
"9968",9968,15.9819833333333
"9969",9969,10.80093
"9970",9970,15.081265
"9971",9971,15.2524283333333
"9972",9972,15.5618566666667
"9973",9973,11.3899916666667
"9974",9974,11.2663716666667
"9975",9975,13.845725
"9976",9976,7.75377833333333
"9977",9977,9.928495
"9978",9978,14.0830033333333
"9979",9979,11.70561
"9980",9980,8.69125833333333
"9981",9981,10.7506816666667
"9982",9982,10.678585
"9983",9983,8.45580333333333
"9984",9984,11.09924
"9985",9985,9.01809666666667
"9986",9986,10.61054
"9987",9987,7.37418
"9988",9988,12.506345
"9989",9989,18.51841
"9990",9990,8.52100833333333
"9991",9991,17.4855066666667
"9992",9992,10.8802866666667
"9993",9993,15.9657916666667
"9994",9994,11.8039966666667
"9995",9995,9.46083666666666
"9996",9996,7.53524833333333
"9997",9997,12.3718483333333
"9998",9998,8.28879666666666
"9999",9999,14.6726616666667
"10000",10000,6.97883166666667
